Workbook

Sheet 2300z
E7: WIND | L7: TEMP AND HUMIDITY | Q7: CLOUDS | U7: CLOUDS REPORTED BY 8NsChshs GROUPS | AH7: REMARKS | AN7: S.rule - Formula | AY7: Formula
A8: DAY | B8: HOUR | C8: Total cloud Amt. | D8: Wind indicator | E8: DIRECTION | F8: SPEED | G8: VISIBILITY | H8: Weather Indicator | I8: PRESENT WEATHER | J8: PAST WEATHER | K8: SEA LEVEL PRESSURE | L8: Dry Bulb | M8: Wet Bulb | N8: Vapour Pressure | O8: Relative humidity | P8: Dew Point | Q8: Total amt. Nh | R8: Form of CL | S8: Form of CM | T8: Form of CH | U8: Lowest layer | X8: 3/8 or more | AB8: 5/8 or more | AE8: Cb cloud | AN8: Vapour Pressure | AO8: Relative humidity | AP8: Dew Point | AY8: Vapour Pressure | AZ8: Relative humidity | BA8: Dew Point
U9: Amount | V9: Form | W9: Height | X9: Indicator | Y9: Amount | Z9: Form | AA9: Height | AB9: Amount | AC9: Form | AD9: Height | AE9: Amount | AF9: Form | AG9: Height | BC9: ####### | BD9: ********* | BE9: &&&&&&
A10: 1 | B10: 19 | C10: 7 | D10: 4 | E10: 9 | F10: 11 | G10: 76 | H10: 2 | K10: 125 | L10: 271 | M10: 248 | N10: 295 | O10: 82 | P10: 238 | Q10: 1 | R10: 2 | S10: 0 | T10: 2 | U10: 1 | V10: 8 | W10: 63 | X10: 8 | Y10: 7 | Z10: 0 | AA10: 840 | AN10: =N10-AY10 -> -2.1098097 | AO10: =O10-AZ10 -> -0.84773036 | AP10: =P10-BA10 -> -1.3211153 | AY10: =10*(BE10-BD10*((L10/10)-(M10/10))*0.00066*(1+(0.00115*(M10/10)))) -> 297.10981 | AZ10: =((AY10/10)*100)/BC10 -> 82.84773 | BA10: =(243.5*LN((AY10/10)/6.112))/(17.67-LN((AY10/10)/6.112))*10 -> 239.32112 | BC10: =6.112*2.718^((17.67*(L10/10))/((L10/10)+243.5)) -> 35.862154 | BD10: 1013.2 | BE10: =6.112*2.718^((17.67*(M10/10))/((M10/10)+243.5)) -> 31.292883
A11: 2 | B11: 19 | C11: 4 | D11: 4 | E11: 8 | F11: 9 | G11: 75 | H11: 2 | K11: 119 | L11: 269 | M11: 246 | N11: 292 | O11: 82 | P11: 236 | Q11: 1 | R11: 2 | S11: 0 | T11: 1 | U11: 1 | V11: 8 | W11: 60 | X11: 8 | Y11: 3 | Z11: 0 | AA11: 840 | AN11: =N11-AY11 -> -1.3923988 | AO11: =O11-AZ11 -> -0.77887776 | AP11: =P11-BA11 -> -1.2298621 | AY11: =10*(BE11-BD11*((L11/10)-(M11/10))*0.00066*(1+(0.00115*(M11/10)))) -> 293.3924 | AZ11: =((AY11/10)*100)/BC11 -> 82.778878 | BA11: =(243.5*LN((AY11/10)/6.112))/(17.67-LN((AY11/10)/6.112))*10 -> 237.22986 | BC11: =6.112*2.718^((17.67*(L11/10))/((L11/10)+243.5)) -> 35.442906 | BD11: 1013.2 | BE11: =6.112*2.718^((17.67*(M11/10))/((M11/10)+243.5)) -> 30.920789
A12: 3 | B12: 19 | C12: 2 | D12: 4 | E12: 7 | F12: 10 | G12: 75 | H12: 2 | K12: 124 | L12: 271 | M12: 242 | N12: 279 | O12: 78 | P12: 229 | Q12: 1 | R12: 2 | S12: 0 | T12: 2 | U12: 1 | V12: 8 | W12: 63 | X12: 8 | AN12: =N12-AY12 -> -2.9496638 | AO12: =O12-AZ12 -> -0.62039203 | AP12: =P12-BA12 -> -1.6437156 | AY12: =10*(BE12-BD12*((L12/10)-(M12/10))*0.00066*(1+(0.00115*(M12/10)))) -> 281.94966 | AZ12: =((AY12/10)*100)/BC12 -> 78.620392 | BA12: =(243.5*LN((AY12/10)/6.112))/(17.67-LN((AY12/10)/6.112))*10 -> 230.64372 | BC12: =6.112*2.718^((17.67*(L12/10))/((L12/10)+243.5)) -> 35.862154 | BD12: 1013.2 | BE12: =6.112*2.718^((17.67*(M12/10))/((M12/10)+243.5)) -> 30.188201
A13: 4 | B13: 19 | C13: 1 | D13: 4 | E13: 9 | F13: 13 | G13: 80 | H13: 2 | K13: 127 | L13: 271 | M13: 247 | N13: 291 | O13: 81 | P13: 236 | Q13: 1 | R13: 2 | S13: 0 | T13: 2 | U13: 1 | V13: 8 | W13: 66 | X13: 8 | AN13: =N13-AY13 -> -3.5585275 | AO13: =O13-AZ13 -> -1.1363168 | AP13: =P13-BA13 -> -1.888361 | AY13: =10*(BE13-BD13*((L13/10)-(M13/10))*0.00066*(1+(0.00115*(M13/10)))) -> 294.55853 | AZ13: =((AY13/10)*100)/BC13 -> 82.136317 | BA13: =(243.5*LN((AY13/10)/6.112))/(17.67-LN((AY13/10)/6.112))*10 -> 237.88836 | BC13: =6.112*2.718^((17.67*(L13/10))/((L13/10)+243.5)) -> 35.862154 | BD13: 1013.2 | BE13: =6.112*2.718^((17.67*(M13/10))/((M13/10)+243.5)) -> 31.106349
A14: 5 | B14: 19 | C14: 6 | D14: 4 | E14: 10 | F14: 13 | G14: 78 | H14: 2 | K14: 122 | L14: 270 | M14: 246 | N14: 290 | O14: 81 | P14: 235 | Q14: 1 | R14: 1 | S14: 0 | T14: 1 | U14: 1 | V14: 8 | W14: 60 | X14: 8 | Y14: 5 | Z14: 0 | AA14: 900 | AN14: =N14-AY14 -> -2.7047689 | AO14: =O14-AZ14 -> -1.1005383 | AP14: =P14-BA14 -> -1.8404906 | AY14: =10*(BE14-BD14*((L14/10)-(M14/10))*0.00066*(1+(0.00115*(M14/10)))) -> 292.70477 | AZ14: =((AY14/10)*100)/BC14 -> 82.100538 | BA14: =(243.5*LN((AY14/10)/6.112))/(17.67-LN((AY14/10)/6.112))*10 -> 236.84049 | BC14: =6.112*2.718^((17.67*(L14/10))/((L14/10)+243.5)) -> 35.651991 | BD14: 1013.2 | BE14: =6.112*2.718^((17.67*(M14/10))/((M14/10)+243.5)) -> 30.920789
A15: 6 | B15: 19 | C15: 2 | D15: 4 | E15: 9 | F15: 12 | G15: 80 | H15: 2 | K15: 117 | L15: 270 | M15: 246 | N15: 291 | O15: 81 | P15: 236 | Q15: 1 | R15: 1 | S15: 0 | T15: 1 | U15: 1 | V15: 8 | W15: 66 | X15: 8 | AN15: =N15-AY15 -> -1.7047689 | AO15: =O15-AZ15 -> -1.1005383 | AP15: =P15-BA15 -> -0.8404906 | AY15: =10*(BE15-BD15*((L15/10)-(M15/10))*0.00066*(1+(0.00115*(M15/10)))) -> 292.70477 | AZ15: =((AY15/10)*100)/BC15 -> 82.100538 | BA15: =(243.5*LN((AY15/10)/6.112))/(17.67-LN((AY15/10)/6.112))*10 -> 236.84049 | BC15: =6.112*2.718^((17.67*(L15/10))/((L15/10)+243.5)) -> 35.651991 | BD15: 1013.2 | BE15: =6.112*2.718^((17.67*(M15/10))/((M15/10)+243.5)) -> 30.920789
A16: 7 | B16: 19 | C16: 4 | D16: 4 | E16: 9 | F16: 11 | G16: 76 | H16: 2 | K16: 108 | L16: 269 | M16: 238 | N16: 270 | O16: 76 | P16: 223 | Q16: 1 | R16: 2 | S16: 0 | T16: 2 | U16: 1 | V16: 8 | W16: 69 | X16: 8 | Y16: 4 | Z16: 0 | AA16: 840 | AN16: =N16-AY16 -> -3.4110965 | AO16: =O16-AZ16 -> -1.1412751 | AP16: =P16-BA16 -> -2.574788 | AY16: =10*(BE16-BD16*((L16/10)-(M16/10))*0.00066*(1+(0.00115*(M16/10)))) -> 273.4111 | AZ16: =((AY16/10)*100)/BC16 -> 77.141275 | BA16: =(243.5*LN((AY16/10)/6.112))/(17.67-LN((AY16/10)/6.112))*10 -> 225.57479 | BC16: =6.112*2.718^((17.67*(L16/10))/((L16/10)+243.5)) -> 35.442906 | BD16: 1013.2 | BE16: =6.112*2.718^((17.67*(M16/10))/((M16/10)+243.5)) -> 29.470855
A17: 8 | B17: 19 | C17: 1 | D17: 4 | E17: 10 | F17: 14 | G17: 75 | H17: 2 | K17: 116 | L17: 273 | M17: 250 | N17: 299 | O17: 82 | P17: 240 | Q17: 1 | R17: 8 | S17: 0 | T17: 0 | U17: 1 | V17: 8 | W17: 63 | X17: 8 | AH17: hz | AN17: =N17-AY17 -> -1.8663543 | AO17: =O17-AZ17 -> -0.91588468 | AP17: =P17-BA17 -> -1.4112355 | AY17: =10*(BE17-BD17*((L17/10)-(M17/10))*0.00066*(1+(0.00115*(M17/10)))) -> 300.86635 | AZ17: =((AY17/10)*100)/BC17 -> 82.915885 | BA17: =(243.5*LN((AY17/10)/6.112))/(17.67-LN((AY17/10)/6.112))*10 -> 241.41124 | BC17: =6.112*2.718^((17.67*(L17/10))/((L17/10)+243.5)) -> 36.285732 | BD17: 1013.2 | BE17: =6.112*2.718^((17.67*(M17/10))/((M17/10)+243.5)) -> 31.668892
A18: 9 | B18: 19 | C18: 5 | D18: 4 | E18: 9 | F18: 12 | G18: 78 | H18: 2 | K18: 115 | L18: 270 | M18: 246 | N18: 291 | O18: 82 | P18: 236 | Q18: 1 | R18: 2 | S18: 0 | T18: 1 | U18: 1 | V18: 8 | W18: 66 | X18: 8 | Y18: 5 | Z18: 0 | AA18: 900 | AN18: =N18-AY18 -> -1.7047689 | AO18: =O18-AZ18 -> -0.10053827 | AP18: =P18-BA18 -> -0.8404906 | AY18: =10*(BE18-BD18*((L18/10)-(M18/10))*0.00066*(1+(0.00115*(M18/10)))) -> 292.70477 | AZ18: =((AY18/10)*100)/BC18 -> 82.100538 | BA18: =(243.5*LN((AY18/10)/6.112))/(17.67-LN((AY18/10)/6.112))*10 -> 236.84049 | BC18: =6.112*2.718^((17.67*(L18/10))/((L18/10)+243.5)) -> 35.651991 | BD18: 1013.2 | BE18: =6.112*2.718^((17.67*(M18/10))/((M18/10)+243.5)) -> 30.920789
A19: 10 | B19: 19 | C19: 4 | D19: 4 | E19: 8 | F19: 12 | G19: 75 | H19: 2 | K19: 91 | L19: 275 | M19: 250 | N19: 297 | O19: 80 | P19: 239 | Q19: 1 | R19: 2 | S19: 0 | T19: 1 | U19: 1 | V19: 8 | W19: 66 | X19: 8 | Y19: 4 | Z19: 0 | AA19: 900 | AN19: =N19-AY19 -> -2.4904793 | AO19: =O19-AZ19 -> -1.5746379 | AP19: =P19-BA19 -> -1.6483724 | AY19: =10*(BE19-BD19*((L19/10)-(M19/10))*0.00066*(1+(0.00115*(M19/10)))) -> 299.49048 | AZ19: =((AY19/10)*100)/BC19 -> 81.574638 | BA19: =(243.5*LN((AY19/10)/6.112))/(17.67-LN((AY19/10)/6.112))*10 -> 240.64837 | BC19: =6.112*2.718^((17.67*(L19/10))/((L19/10)+243.5)) -> 36.713676 | BD19: 1013.2 | BE19: =6.112*2.718^((17.67*(M19/10))/((M19/10)+243.5)) -> 31.668892
A20: 11 | B20: 19 | C20: 6 | D20: 4 | E20: 0 | F20: 0 | G20: 70 | H20: 1 | I20: 5 | J20: 22 | K20: 100 | L20: 269 | M20: 240 | N20: 276 | O20: 78 | P20: 227 | Q20: 2 | R20: 8 | S20: 0 | T20: 2 | U20: 2 | V20: 8 | W20: 54 | X20: 8 | Y20: 6 | Z20: 0 | AA20: 840 | AH20: hz | AN20: =N20-AY20 -> -2.3485121 | AO20: =O20-AZ20 -> -0.53433678 | AP20: =P20-BA20 -> -1.522518 | AY20: =10*(BE20-BD20*((L20/10)-(M20/10))*0.00066*(1+(0.00115*(M20/10)))) -> 278.34851 | AZ20: =((AY20/10)*100)/BC20 -> 78.534337 | BA20: =(243.5*LN((AY20/10)/6.112))/(17.67-LN((AY20/10)/6.112))*10 -> 228.52252 | BC20: =6.112*2.718^((17.67*(L20/10))/((L20/10)+243.5)) -> 35.442906 | BD20: 1013.2 | BE20: =6.112*2.718^((17.67*(M20/10))/((M20/10)+243.5)) -> 29.82764
A21: 12 | B21: 19 | C21: 7 | D21: 4 | E21: 8 | F21: 5 | G21: 75 | H21: 2 | K21: 116 | L21: 265 | M21: 233 | N21: 262 | O21: 76 | P21: 218 | Q21: 2 | R21: 8 | S21: 4 | T21: 2 | U21: 1 | V21: 8 | W21: 63 | X21: 8 | Y21: 7 | Z21: 0 | AA21: 840 | AN21: =N21-AY21 -> -1.979795 | AO21: =O21-AZ21 -> -0.25672794 | AP21: =P21-BA21 -> -1.8120397 | AY21: =10*(BE21-BD21*((L21/10)-(M21/10))*0.00066*(1+(0.00115*(M21/10)))) -> 263.9798 | AZ21: =((AY21/10)*100)/BC21 -> 76.256728 | BA21: =(243.5*LN((AY21/10)/6.112))/(17.67-LN((AY21/10)/6.112))*10 -> 219.81204 | BC21: =6.112*2.718^((17.67*(L21/10))/((L21/10)+243.5)) -> 34.617247 | BD21: 1013.2 | BE21: =6.112*2.718^((17.67*(M21/10))/((M21/10)+243.5)) -> 28.595196
A22: 13 | B22: 19 | C22: 1 | D22: 4 | E22: 7 | F22: 10 | G22: 78 | H22: 2 | K22: 125 | L22: 269 | M22: 240 | N22: 277 | O22: 78 | P22: 227 | Q22: 1 | R22: 2 | S22: 0 | T22: 1 | U22: 1 | V22: 8 | W22: 57 | X22: 8 | AN22: =N22-AY22 -> -1.3485121 | AO22: =O22-AZ22 -> -0.53433678 | AP22: =P22-BA22 -> -1.522518 | AY22: =10*(BE22-BD22*((L22/10)-(M22/10))*0.00066*(1+(0.00115*(M22/10)))) -> 278.34851 | AZ22: =((AY22/10)*100)/BC22 -> 78.534337 | BA22: =(243.5*LN((AY22/10)/6.112))/(17.67-LN((AY22/10)/6.112))*10 -> 228.52252 | BC22: =6.112*2.718^((17.67*(L22/10))/((L22/10)+243.5)) -> 35.442906 | BD22: 1013.2 | BE22: =6.112*2.718^((17.67*(M22/10))/((M22/10)+243.5)) -> 29.82764
A23: 14 | B23: 19 | C23: 6 | D23: 4 | E23: 6 | F23: 10 | G23: 76 | H23: 2 | K23: 118 | L23: 265 | M23: 236 | N23: 268 | O23: 77 | P23: 222 | Q23: 1 | R23: 8 | S23: 6 | T23: 1 | U23: 1 | V23: 8 | W23: 60 | X23: 8 | Y23: 5 | Z23: 0 | AA23: 840 | AN23: =N23-AY23 -> -3.2591691 | AO23: =O23-AZ23 -> -1.3595451 | AP23: =P23-BA23 -> -2.2754281 | AY23: =10*(BE23-BD23*((L23/10)-(M23/10))*0.00066*(1+(0.00115*(M23/10)))) -> 271.25917 | AZ23: =((AY23/10)*100)/BC23 -> 78.359545 | BA23: =(243.5*LN((AY23/10)/6.112))/(17.67-LN((AY23/10)/6.112))*10 -> 224.27543 | BC23: =6.112*2.718^((17.67*(L23/10))/((L23/10)+243.5)) -> 34.617247 | BD23: 1013.2 | BE23: =6.112*2.718^((17.67*(M23/10))/((M23/10)+243.5)) -> 29.117813
A24: 15 | B24: 19 | C24: 2 | D24: 4 | E24: 7 | F24: 8 | G24: 78 | H24: 2 | K24: 112 | L24: 269 | M24: 235 | N24: 261 | O24: 73 | P24: 218 | Q24: 1 | R24: 1 | S24: 0 | T24: 1 | U24: 1 | V24: 8 | W24: 63 | X24: 8 | AH24: hz | AN24: =N24-AY24 -> -5.0762028 | AO24: =O24-AZ24 -> -2.0717795 | AP24: =P24-BA24 -> -3.1084138 | AY24: =10*(BE24-BD24*((L24/10)-(M24/10))*0.00066*(1+(0.00115*(M24/10)))) -> 266.0762 | AZ24: =((AY24/10)*100)/BC24 -> 75.071779 | BA24: =(243.5*LN((AY24/10)/6.112))/(17.67-LN((AY24/10)/6.112))*10 -> 221.10841 | BC24: =6.112*2.718^((17.67*(L24/10))/((L24/10)+243.5)) -> 35.442906 | BD24: 1013.2 | BE24: =6.112*2.718^((17.67*(M24/10))/((M24/10)+243.5)) -> 28.942686
A25: 16 | B25: 19 | C25: 6 | D25: 4 | E25: 10 | F25: 10 | G25: 68 | H25: 1 | I25: 15 | J25: 22 | K25: 128 | L25: 264 | M25: 238 | N25: 274 | O25: 80 | P25: 226 | Q25: 4 | R25: 8 | S25: 0 | T25: 2 | U25: 2 | V25: 8 | W25: 54 | X25: 8 | Y25: 5 | Z25: 0 | AA25: 840 | AH25: jp-ene | AN25: =N25-AY25 -> -2.8461698 | AO25: =O25-AZ25 -> -0.44701611 | AP25: =P25-BA25 -> -1.6304737 | AY25: =10*(BE25-BD25*((L25/10)-(M25/10))*0.00066*(1+(0.00115*(M25/10)))) -> 276.84617 | AZ25: =((AY25/10)*100)/BC25 -> 80.447016 | BA25: =(243.5*LN((AY25/10)/6.112))/(17.67-LN((AY25/10)/6.112))*10 -> 227.63047 | BC25: =6.112*2.718^((17.67*(L25/10))/((L25/10)+243.5)) -> 34.413479 | BD25: 1013.2 | BE25: =6.112*2.718^((17.67*(M25/10))/((M25/10)+243.5)) -> 29.470855
A26: 17 | B26: 19 | C26: 8 | D26: 4 | E26: 0 | F26: 0 | G26: 70 | H26: 1 | I26: 5 | J26: 22 | K26: 140 | L26: 241 | M26: 235 | N26: 284 | O26: 95 | P26: 232 | Q26: 6 | R26: 8 | S26: 4 | T26: 2 | U26: 2 | V26: 8 | W26: 45 | X26: 8 | Y26: 6 | Z26: 6 | AA26: 105 | AH26: hz | AN26: =N26-AY26 -> -1.3061532 | AO26: =O26-AZ26 -> -0.078452147 | AP26: =P26-BA26 -> -0.59953439 | AY26: =10*(BE26-BD26*((L26/10)-(M26/10))*0.00066*(1+(0.00115*(M26/10)))) -> 285.30615 | AZ26: =((AY26/10)*100)/BC26 -> 95.078452 | BA26: =(243.5*LN((AY26/10)/6.112))/(17.67-LN((AY26/10)/6.112))*10 -> 232.59953 | BC26: =6.112*2.718^((17.67*(L26/10))/((L26/10)+243.5)) -> 30.007446 | BD26: 1013.2 | BE26: =6.112*2.718^((17.67*(M26/10))/((M26/10)+243.5)) -> 28.942686
A27: 18 | B27: 19 | C27: 6 | D27: 4 | E27: 9 | F27: 8 | G27: 68 | H27: 1 | I27: 80 | J27: 22 | K27: 137 | L27: 270 | M27: 250 | N27: 300 | O27: 84 | P27: 241 | Q27: 5 | R27: 8 | S27: 0 | T27: 2 | U27: 4 | V27: 8 | W27: 54 | X27: 8 | AH27: pro @ 18:52-57 | AN27: =N27-AY27 -> -2.9301667 | AO27: =O27-AZ27 -> -0.96865233 | AP27: =P27-BA27 -> -1.5498225 | AY27: =10*(BE27-BD27*((L27/10)-(M27/10))*0.00066*(1+(0.00115*(M27/10)))) -> 302.93017 | AZ27: =((AY27/10)*100)/BC27 -> 84.968652 | BA27: =(243.5*LN((AY27/10)/6.112))/(17.67-LN((AY27/10)/6.112))*10 -> 242.54982 | BC27: =6.112*2.718^((17.67*(L27/10))/((L27/10)+243.5)) -> 35.651991 | BD27: 1013.2 | BE27: =6.112*2.718^((17.67*(M27/10))/((M27/10)+243.5)) -> 31.668892
A28: 19 | B28: 19 | C28: 5 | D28: 4 | E28: 9 | F28: 14 | G28: 72 | H28: 1 | I28: 5 | J28: 11 | K28: 117 | L28: 274 | M28: 247 | N28: 290 | O28: 79 | P28: 235 | Q28: 4 | R28: 8 | S28: 3 | T28: 1 | U28: 1 | V28: 8 | W28: 57 | X28: 8 | Y28: 4 | Z28: 6 | AA28: 114 | AH28: hz | AN28: =N28-AY28 -> -2.4954072 | AO28: =O28-AZ28 -> -1.1375823 | AP28: =P28-BA28 -> -1.7217801 | AY28: =10*(BE28-BD28*((L28/10)-(M28/10))*0.00066*(1+(0.00115*(M28/10)))) -> 292.49541 | AZ28: =((AY28/10)*100)/BC28 -> 80.137582 | BA28: =(243.5*LN((AY28/10)/6.112))/(17.67-LN((AY28/10)/6.112))*10 -> 236.72178 | BC28: =6.112*2.718^((17.67*(L28/10))/((L28/10)+243.5)) -> 36.499155 | BD28: 1013.2 | BE28: =6.112*2.718^((17.67*(M28/10))/((M28/10)+243.5)) -> 31.106349
A29: 20 | B29: 19 | C29: 7 | D29: 4 | E29: 9 | F29: 13 | G29: 65 | H29: 1 | I29: 5 | J29: 22 | K29: 115 | L29: 260 | M29: 246 | N29: 298 | O29: 89 | P29: 240 | Q29: 6 | R29: 8 | S29: 3 | T29: 2 | U29: 5 | V29: 8 | W29: 51 | X29: 8 | Y29: 7 | Z29: 0 | AA29: 840 | AH29: hz | AN29: =N29-AY29 -> -1.5810675 | AO29: =O29-AZ29 -> -0.1375266 | AP29: =P29-BA29 -> -0.69869392 | AY29: =10*(BE29-BD29*((L29/10)-(M29/10))*0.00066*(1+(0.00115*(M29/10)))) -> 299.58107 | AZ29: =((AY29/10)*100)/BC29 -> 89.137527 | BA29: =(243.5*LN((AY29/10)/6.112))/(17.67-LN((AY29/10)/6.112))*10 -> 240.69869 | BC29: =6.112*2.718^((17.67*(L29/10))/((L29/10)+243.5)) -> 33.60886 | BD29: 1013.2 | BE29: =6.112*2.718^((17.67*(M29/10))/((M29/10)+243.5)) -> 30.920789
A30: 21 | B30: 19 | C30: 6 | D30: 4 | E30: 9 | F30: 9 | G30: 70 | H30: 1 | I30: 5 | J30: 22 | K30: 119 | L30: 275 | M30: 255 | N30: 311 | O30: 85 | P30: 247 | Q30: 1 | R30: 8 | S30: 3 | T30: 2 | U30: 1 | V30: 8 | W30: 63 | X30: 8 | Y30: 5 | Z30: 0 | AA30: 840 | AH30: hz | AN30: =N30-AY30 -> -1.4961819 | AO30: =O30-AZ30 -> -0.117106 | AP30: =P30-BA30 -> -0.74022003 | AY30: =10*(BE30-BD30*((L30/10)-(M30/10))*0.00066*(1+(0.00115*(M30/10)))) -> 312.49618 | AZ30: =((AY30/10)*100)/BC30 -> 85.117106 | BA30: =(243.5*LN((AY30/10)/6.112))/(17.67-LN((AY30/10)/6.112))*10 -> 247.74022 | BC30: =6.112*2.718^((17.67*(L30/10))/((L30/10)+243.5)) -> 36.713676 | BD30: 1013.2 | BE30: =6.112*2.718^((17.67*(M30/10))/((M30/10)+243.5)) -> 32.626262
A31: 22 | B31: 19 | C31: 1 | D31: 4 | E31: 6 | F31: 4 | G31: 70 | H31: 1 | I31: 5 | J31: 0 | K31: 116 | L31: 268 | M31: 240 | N31: 276 | O31: 78 | P31: 227 | Q31: 1 | R31: 8 | S31: 0 | T31: 0 | U31: 1 | V31: 8 | W31: 57 | X31: 8 | AH31: hz | AN31: =N31-AY31 -> -3.0356805 | AO31: =O31-AZ31 -> -1.1929967 | AP31: =P31-BA31 -> -1.9291319 | AY31: =10*(BE31-BD31*((L31/10)-(M31/10))*0.00066*(1+(0.00115*(M31/10)))) -> 279.03568 | AZ31: =((AY31/10)*100)/BC31 -> 79.192997 | BA31: =(243.5*LN((AY31/10)/6.112))/(17.67-LN((AY31/10)/6.112))*10 -> 228.92913 | BC31: =6.112*2.718^((17.67*(L31/10))/((L31/10)+243.5)) -> 35.234894 | BD31: 1013.2 | BE31: =6.112*2.718^((17.67*(M31/10))/((M31/10)+243.5)) -> 29.82764
A32: 23 | B32: 19 | C32: 7 | D32: 4 | E32: 9 | F32: 4 | G32: 80 | H32: 2 | K32: 110 | L32: 267 | M32: 243 | N32: 285 | O32: 81 | P32: 232 | Q32: 1 | R32: 2 | S32: 0 | T32: 2 | U32: 1 | V32: 8 | W32: 66 | X32: 8 | Y32: 7 | Z32: 0 | AA32: 870 | AN32: =N32-AY32 -> -2.2015031 | AO32: =O32-AZ32 -> -0.99209772 | AP32: =P32-BA32 -> -1.6950631 | AY32: =10*(BE32-BD32*((L32/10)-(M32/10))*0.00066*(1+(0.00115*(M32/10)))) -> 287.2015 | AZ32: =((AY32/10)*100)/BC32 -> 81.992098 | BA32: =(243.5*LN((AY32/10)/6.112))/(17.67-LN((AY32/10)/6.112))*10 -> 233.69506 | BC32: =6.112*2.718^((17.67*(L32/10))/((L32/10)+243.5)) -> 35.027949 | BD32: 1013.2 | BE32: =6.112*2.718^((17.67*(M32/10))/((M32/10)+243.5)) -> 30.369908
A33: 24 | B33: 19 | C33: 7 | D33: 4 | E33: 8 | F33: 10 | G33: 60 | H33: 1 | I33: 80 | J33: 22 | K33: 115 | L33: 256 | M33: 245 | N33: 300 | O33: 92 | P33: 241 | Q33: 6 | R33: 8 | S33: 0 | T33: 2 | U33: 4 | V33: 8 | W33: 48 | X33: 8 | Y33: 5 | Z33: 6 | AA33: 114 | AH33: jp-n,s,ne, pro @ 18:52-58 | AN33: =N33-AY33 -> 0.20110421 | AO33: =O33-AZ33 -> 0.65567228 | AP33: =P33-BA33 -> 0.18035757 | AY33: =10*(BE33-BD33*((L33/10)-(M33/10))*0.00066*(1+(0.00115*(M33/10)))) -> 299.7989 | AZ33: =((AY33/10)*100)/BC33 -> 91.344328 | BA33: =(243.5*LN((AY33/10)/6.112))/(17.67-LN((AY33/10)/6.112))*10 -> 240.81964 | BC33: =6.112*2.718^((17.67*(L33/10))/((L33/10)+243.5)) -> 32.820746 | BD33: 1013.2 | BE33: =6.112*2.718^((17.67*(M33/10))/((M33/10)+243.5)) -> 30.736198
A34: 25 | B34: 19 | C34: 6 | D34: 4 | E34: 7 | F34: 4 | G34: 76 | H34: 2 | K34: 127 | L34: 265 | M34: 234 | N34: 264 | O34: 76 | P34: 219 | Q34: 6 | R34: 8 | S34: 0 | T34: 2 | U34: 1 | V34: 8 | W34: 60 | X34: 8 | Y34: 6 | Z34: 6 | AA34: =45*3 -> 135 | AN34: =N34-AY34 -> -2.3968943 | AO34: =O34-AZ34 -> -0.95496351 | AP34: =P34-BA34 -> -2.3059324 | AY34: =10*(BE34-BD34*((L34/10)-(M34/10))*0.00066*(1+(0.00115*(M34/10)))) -> 266.39689 | AZ34: =((AY34/10)*100)/BC34 -> 76.954964 | BA34: =(243.5*LN((AY34/10)/6.112))/(17.67-LN((AY34/10)/6.112))*10 -> 221.30593 | BC34: =6.112*2.718^((17.67*(L34/10))/((L34/10)+243.5)) -> 34.617247 | BD34: 1013.2 | BE34: =6.112*2.718^((17.67*(M34/10))/((M34/10)+243.5)) -> 28.768481
A35: 26 | B35: 19 | C35: 4 | D35: 4 | E35: 5 | F35: 10 | G35: 75 | H35: 2 | K35: 125 | L35: 268 | M35: 248 | N35: 296 | O35: 84 | P35: 239 | Q35: 3 | R35: 8 | S35: 0 | T35: 2 | U35: 1 | V35: 8 | W35: 54 | X35: 8 | Y35: 3 | Z35: 6 | AA35: 114 | AN35: =N35-AY35 -> -3.1731607 | AO35: =O35-AZ35 -> -0.9082063 | AP35: =P35-BA35 -> -1.4719976 | AY35: =10*(BE35-BD35*((L35/10)-(M35/10))*0.00066*(1+(0.00115*(M35/10)))) -> 299.17316 | AZ35: =((AY35/10)*100)/BC35 -> 84.908206 | BA35: =(243.5*LN((AY35/10)/6.112))/(17.67-LN((AY35/10)/6.112))*10 -> 240.472 | BC35: =6.112*2.718^((17.67*(L35/10))/((L35/10)+243.5)) -> 35.234894 | BD35: 1013.2 | BE35: =6.112*2.718^((17.67*(M35/10))/((M35/10)+243.5)) -> 31.292883
A36: 27 | B36: 19 | C36: 7 | D36: 4 | E36: 8 | F36: 8 | G36: 68 | H36: 1 | I36: 5 | J36: 22 | K36: 128 | L36: 261 | M36: 245 | N36: 295 | O36: 87 | P36: 238 | Q36: 5 | R36: 8 | S36: 4 | T36: 1 | U36: 1 | V36: 8 | W36: 54 | X36: 8 | Y36: 4 | Z36: 6 | AA36: 105 | AH36: hz | AN36: =N36-AY36 -> -1.361131 | AO36: =O36-AZ36 -> -0.6588768 | AP36: =P36-BA36 -> -0.9017913 | AY36: =10*(BE36-BD36*((L36/10)-(M36/10))*0.00066*(1+(0.00115*(M36/10)))) -> 296.36113 | AZ36: =((AY36/10)*100)/BC36 -> 87.658877 | BA36: =(243.5*LN((AY36/10)/6.112))/(17.67-LN((AY36/10)/6.112))*10 -> 238.90179 | BC36: =6.112*2.718^((17.67*(L36/10))/((L36/10)+243.5)) -> 33.808456 | BD36: 1013.2 | BE36: =6.112*2.718^((17.67*(M36/10))/((M36/10)+243.5)) -> 30.736198
A37: 28 | B37: 19 | C37: 3 | D37: 4 | E37: 8 | F37: 12 | G37: 65 | H37: 1 | I37: 5 | J37: 0 | K37: 138 | L37: 270 | M37: 250 | N37: 300 | O37: 84 | P37: 241 | Q37: 2 | R37: 8 | S37: 3 | T37: 0 | U37: 2 | V37: 8 | W37: 60 | X37: 8 | AH37: hz | AN37: =N37-AY37 -> -2.9301667 | AO37: =O37-AZ37 -> -0.96865233 | AP37: =P37-BA37 -> -1.5498225 | AY37: =10*(BE37-BD37*((L37/10)-(M37/10))*0.00066*(1+(0.00115*(M37/10)))) -> 302.93017 | AZ37: =((AY37/10)*100)/BC37 -> 84.968652 | BA37: =(243.5*LN((AY37/10)/6.112))/(17.67-LN((AY37/10)/6.112))*10 -> 242.54982 | BC37: =6.112*2.718^((17.67*(L37/10))/((L37/10)+243.5)) -> 35.651991 | BD37: 1013.2 | BE37: =6.112*2.718^((17.67*(M37/10))/((M37/10)+243.5)) -> 31.668892
A38: 29 | B38: 19 | C38: 6 | D38: 4 | E38: 7 | F38: 12 | G38: 58 | H38: 1 | I38: 15 | J38: 22 | K38: 133 | L38: 260 | M38: 240 | N38: 283 | O38: 84 | P38: 231 | Q38: 6 | R38: 8 | S38: / | T38: / | U38: 2 | V38: 8 | W38: 51 | X38: 8 | Y38: 6 | Z38: 6 | AA38: 105 | AH38: jp-ne hz | AN38: =N38-AY38 -> -1.5330281 | AO38: =O38-AZ38 -> -0.66012412 | AP38: =P38-BA38 -> -1.1508299 | AY38: =10*(BE38-BD38*((L38/10)-(M38/10))*0.00066*(1+(0.00115*(M38/10)))) -> 284.53303 | AZ38: =((AY38/10)*100)/BC38 -> 84.660124 | BA38: =(243.5*LN((AY38/10)/6.112))/(17.67-LN((AY38/10)/6.112))*10 -> 232.15083 | BC38: =6.112*2.718^((17.67*(L38/10))/((L38/10)+243.5)) -> 33.60886 | BD38: 1013.2 | BE38: =6.112*2.718^((17.67*(M38/10))/((M38/10)+243.5)) -> 29.82764
A39: 30 | B39: 19 | C39: 7 | D39: 4 | E39: 7 | F39: 8 | G39: 70 | H39: 1 | I39: 5 | J39: 82 | K39: 114 | L39: 258 | M39: 230 | N39: 260 | O39: 78 | P39: 216 | Q39: 7 | R39: 8 | S39: 4 | T39: 0 | U39: 4 | V39: 8 | W39: 51 | X39: 8 | Y39: 5 | Z39: 6 | AA39: 105 | AH39: pro @ 18:01-08 | AN39: =N39-AY39 -> -1.588952 | AO39: =O39-AZ39 -> -0.76158661 | AP39: =P39-BA39 -> -2.3225317 | AY39: =10*(BE39-BD39*((L39/10)-(M39/10))*0.00066*(1+(0.00115*(M39/10)))) -> 261.58895 | AZ39: =((AY39/10)*100)/BC39 -> 78.761587 | BA39: =(243.5*LN((AY39/10)/6.112))/(17.67-LN((AY39/10)/6.112))*10 -> 218.32253 | BC39: =6.112*2.718^((17.67*(L39/10))/((L39/10)+243.5)) -> 33.212758 | BD39: 1013.2 | BE39: =6.112*2.718^((17.67*(M39/10))/((M39/10)+243.5)) -> 28.080814
AY40: =10*(BE40-BD40*((L40/10)-(M40/10))*0.00066*(1+(0.00115*(M40/10)))) -> 61.12 | AZ40: =((AY40/10)*100)/BC40 -> 100 | BA40: =(243.5*LN((AY40/10)/6.112))/(17.67-LN((AY40/10)/6.112))*10 -> 0 | BC40: =6.112*2.718^((17.67*(L40/10))/((L40/10)+243.5)) -> 6.112 | BD40: 1013.2 | BE40: =6.112*2.718^((17.67*(M40/10))/((M40/10)+243.5)) -> 6.112
AH41: Checked by VBA: 10:16:24 AM 3/17/2020
A42: SUM | C42: =SUM(C10:C40) -> 144 | F42: =SUM(F10:F40) -> 276 | K42: =SUM(K10:K40) -> 3597 | L42: =SUM(L10:L40) -> 8003 | M42: =SUM(M10:M40) -> 7289 | N42: =SUM(N10:N40) -> 8555 | O42: =SUM(O10:O40) -> 2443 | P42: =SUM(P10:P40) -> 6965 | Q42: =SUM(Q10:Q40) -> 80 | AH42: Checked by: F. Frank
A43: MEANS | C43: =AVERAGE(C10:C40) -> 4.8 | E43: =MODE(E10:E40) -> 9 | F43: =AVERAGE(F10:F40) -> 9.2 | K43: =AVERAGE(K10:K40) -> 119.9 | L43: =AVERAGE(L10:L40) -> 266.76667 | M43: =AVERAGE(M10:M40) -> 242.96667 | N43: =AVERAGE(N10:N40) -> 285.16667 | O43: =AVERAGE(O10:O40) -> 81.433333 | P43: =AVERAGE(P10:P40) -> 232.16667 | Q43: =AVERAGE(Q10:Q40) -> 2.6666667 | AN43: =AVERAGE(AN10:AN40) -> -2.2859795 | AO43: =AVERAGE(AO10:AO40) -> -0.78005409 | AP43: =AVERAGE(AP10:AP40) -> -1.5189036

Sheet 2200z
E7: WIND | L7: TEMP AND HUMIDITY | Q7: CLOUDS | U7: CLOUDS REPORTED BY 8NsChshs GROUPS | AH7: REMARKS | AN7: S.rule - Formula | AY7: Formula
A8: DAY | B8: HOUR | C8: Total cloud Amt. | D8: Wind indicator | E8: DIRECTION | F8: SPEED | G8: VISIBILITY | H8: Weather Indicator | I8: PRESENT WEATHER | J8: PAST WEATHER | K8: SEA LEVEL PRESSURE | L8: Dry Bulb | M8: Wet Bulb | N8: Vapour Pressure | O8: Relative humidity | P8: Dew Point | Q8: Total amt. Nh | R8: Form of CL | S8: Form of CM | T8: Form of CH | U8: Lowest layer | X8: 3/8 or more | AB8: 5/8 or more | AE8: Cb cloud | AN8: Vapour Pressure | AO8: Relative humidity | AP8: Dew Point | AY8: Vapour Pressure | AZ8: Relative humidity | BA8: Dew Point
U9: Amount | V9: Form | W9: Height | X9: Indicator | Y9: Amount | Z9: Form | AA9: Height | AB9: Amount | AC9: Form | AD9: Height | AE9: Amount | AF9: Form | AG9: Height | BC9: ####### | BD9: ********* | BE9: &&&&&&
A10: 1 | B10: 18 | C10: 4 | D10: 4 | E10: 8 | F10: 11 | G10: 76 | H10: 2 | K10: 125 | L10: 276 | M10: 244 | N10: 279 | O10: 75 | P10: 229 | Q10: 1 | R10: 8 | S10: 0 | T10: 2 | U10: 1 | V10: 8 | W10: 66 | X10: 8 | Y10: 3 | Z10: 0 | AA10: 840 | AN10: =N10-AY10 -> -4.5264912 | AO10: =O10-AZ10 -> -1.7754911 | AP10: =P10-BA10 -> -2.5650553 | AY10: =10*(BE10-BD10*((L10/10)-(M10/10))*0.00066*(1+(0.00115*(M10/10)))) -> 283.52649 | AZ10: =((AY10/10)*100)/BC10 -> 76.775491 | BA10: =(243.5*LN((AY10/10)/6.112))/(17.67-LN((AY10/10)/6.112))*10 -> 231.56506 | BC10: =6.112*2.718^((17.67*(L10/10))/((L10/10)+243.5)) -> 36.929297 | BD10: 1013.2 | BE10: =6.112*2.718^((17.67*(M10/10))/((M10/10)+243.5)) -> 30.552573
A11: 2 | B11: 18 | C11: 3 | D11: 4 | E11: 7 | F11: 10 | G11: 75 | H11: 2 | K11: 117 | L11: 278 | M11: 248 | N11: 290 | O11: 77 | P11: 235 | Q11: 2 | R11: 2 | S11: 0 | T11: 1 | U11: 2 | V11: 8 | W11: 60 | X11: 8 | AN11: =N11-AY11 -> -2.2953241 | AO11: =O11-AZ11 -> -1.2294191 | AP11: =P11-BA11 -> -1.6082611 | AY11: =10*(BE11-BD11*((L11/10)-(M11/10))*0.00066*(1+(0.00115*(M11/10)))) -> 292.29532 | AZ11: =((AY11/10)*100)/BC11 -> 78.229419 | BA11: =(243.5*LN((AY11/10)/6.112))/(17.67-LN((AY11/10)/6.112))*10 -> 236.60826 | BC11: =6.112*2.718^((17.67*(L11/10))/((L11/10)+243.5)) -> 37.363862 | BD11: 1013.2 | BE11: =6.112*2.718^((17.67*(M11/10))/((M11/10)+243.5)) -> 31.292883
A12: 3 | B12: 18 | C12: 2 | D12: 4 | E12: 9 | F12: 7 | G12: 75 | H12: 2 | K12: 121 | L12: 279 | M12: 245 | N12: 282 | O12: 75 | P12: 230 | Q12: 1 | R12: 2 | S12: 0 | T12: 2 | U12: 1 | V12: 8 | W12: 63 | X12: 8 | AN12: =N12-AY12 -> -1.9851777 | AO12: =O12-AZ12 -> -0.56250683 | AP12: =P12-BA12 -> -1.8322228 | AY12: =10*(BE12-BD12*((L12/10)-(M12/10))*0.00066*(1+(0.00115*(M12/10)))) -> 283.98518 | AZ12: =((AY12/10)*100)/BC12 -> 75.562507 | BA12: =(243.5*LN((AY12/10)/6.112))/(17.67-LN((AY12/10)/6.112))*10 -> 231.83222 | BC12: =6.112*2.718^((17.67*(L12/10))/((L12/10)+243.5)) -> 37.582816 | BD12: 1013.2 | BE12: =6.112*2.718^((17.67*(M12/10))/((M12/10)+243.5)) -> 30.736198
A13: 4 | B13: 18 | C13: 2 | D13: 4 | E13: 11 | F13: 13 | G13: 80 | H13: 2 | K13: 124 | L13: 275 | M13: 250 | N13: 297 | O13: 81 | P13: 239 | Q13: 1 | R13: 2 | S13: 0 | T13: 2 | U13: 1 | V13: 8 | W13: 66 | X13: 8 | AN13: =N13-AY13 -> -2.4904793 | AO13: =O13-AZ13 -> -0.57463787 | AP13: =P13-BA13 -> -1.6483724 | AY13: =10*(BE13-BD13*((L13/10)-(M13/10))*0.00066*(1+(0.00115*(M13/10)))) -> 299.49048 | AZ13: =((AY13/10)*100)/BC13 -> 81.574638 | BA13: =(243.5*LN((AY13/10)/6.112))/(17.67-LN((AY13/10)/6.112))*10 -> 240.64837 | BC13: =6.112*2.718^((17.67*(L13/10))/((L13/10)+243.5)) -> 36.713676 | BD13: 1013.2 | BE13: =6.112*2.718^((17.67*(M13/10))/((M13/10)+243.5)) -> 31.668892
A14: 5 | B14: 18 | C14: 6 | D14: 4 | E14: 9 | F14: 10 | G14: 78 | H14: 2 | K14: 119 | L14: 279 | M14: 246 | N14: 287 | O14: 75 | P14: 231 | Q14: 1 | R14: 1 | S14: 0 | T14: 1 | U14: 1 | V14: 8 | W14: 60 | X14: 8 | Y14: 5 | Z14: 0 | AA14: 900 | AN14: =N14-AY14 -> 0.48389985 | AO14: =O14-AZ14 -> -1.2359323 | AP14: =P14-BA14 -> -2.2996272 | AY14: =10*(BE14-BD14*((L14/10)-(M14/10))*0.00066*(1+(0.00115*(M14/10)))) -> 286.5161 | AZ14: =((AY14/10)*100)/BC14 -> 76.235932 | BA14: =(243.5*LN((AY14/10)/6.112))/(17.67-LN((AY14/10)/6.112))*10 -> 233.29963 | BC14: =6.112*2.718^((17.67*(L14/10))/((L14/10)+243.5)) -> 37.582816 | BD14: 1013.2 | BE14: =6.112*2.718^((17.67*(M14/10))/((M14/10)+243.5)) -> 30.920789
A15: 6 | B15: 18 | C15: 2 | D15: 4 | E15: 10 | F15: 14 | G15: 80 | H15: 2 | K15: 115 | L15: 277 | M15: 245 | N15: 284 | O15: 76 | P15: 231 | Q15: 1 | R15: 1 | S15: 0 | T15: 1 | U15: 1 | V15: 8 | W15: 66 | X15: 8 | AN15: =N15-AY15 -> -1.3602836 | AO15: =O15-AZ15 -> -0.82121826 | AP15: =P15-BA15 -> -1.6309106 | AY15: =10*(BE15-BD15*((L15/10)-(M15/10))*0.00066*(1+(0.00115*(M15/10)))) -> 285.36028 | AZ15: =((AY15/10)*100)/BC15 -> 76.821218 | BA15: =(243.5*LN((AY15/10)/6.112))/(17.67-LN((AY15/10)/6.112))*10 -> 232.63091 | BC15: =6.112*2.718^((17.67*(L15/10))/((L15/10)+243.5)) -> 37.146024 | BD15: 1013.2 | BE15: =6.112*2.718^((17.67*(M15/10))/((M15/10)+243.5)) -> 30.736198
A16: 7 | B16: 18 | C16: 4 | D16: 4 | E16: 10 | F16: 11 | G16: 76 | H16: 2 | K16: 105 | L16: 275 | M16: 239 | N16: 269 | O16: 73 | P16: 222 | Q16: 1 | R16: 2 | S16: 0 | T16: 2 | U16: 1 | V16: 8 | W16: 69 | X16: 8 | Y16: 4 | Z16: 0 | AA16: 840 | AN16: =N16-AY16 -> -2.7524785 | AO16: =O16-AZ16 -> -1.0194148 | AP16: =P16-BA16 -> -2.5740902 | AY16: =10*(BE16-BD16*((L16/10)-(M16/10))*0.00066*(1+(0.00115*(M16/10)))) -> 271.75248 | AZ16: =((AY16/10)*100)/BC16 -> 74.019415 | BA16: =(243.5*LN((AY16/10)/6.112))/(17.67-LN((AY16/10)/6.112))*10 -> 224.57409 | BC16: =6.112*2.718^((17.67*(L16/10))/((L16/10)+243.5)) -> 36.713676 | BD16: 1013.2 | BE16: =6.112*2.718^((17.67*(M16/10))/((M16/10)+243.5)) -> 29.648777
A17: 8 | B17: 18 | C17: 1 | D17: 4 | E17: 10 | F17: 13 | G17: 75 | H17: 2 | K17: 110 | L17: 278 | M17: 250 | N17: 295 | O17: 79 | P17: 238 | Q17: 1 | R17: 8 | S17: 0 | T17: 0 | U17: 1 | V17: 8 | W17: 63 | X17: 8 | AN17: =N17-AY17 -> -2.4266669 | AO17: =O17-AZ17 -> -0.60276291 | AP17: =P17-BA17 -> -1.4983038 | AY17: =10*(BE17-BD17*((L17/10)-(M17/10))*0.00066*(1+(0.00115*(M17/10)))) -> 297.42667 | AZ17: =((AY17/10)*100)/BC17 -> 79.602763 | BA17: =(243.5*LN((AY17/10)/6.112))/(17.67-LN((AY17/10)/6.112))*10 -> 239.4983 | BC17: =6.112*2.718^((17.67*(L17/10))/((L17/10)+243.5)) -> 37.363862 | BD17: 1013.2 | BE17: =6.112*2.718^((17.67*(M17/10))/((M17/10)+243.5)) -> 31.668892
A18: 9 | B18: 18 | C18: 6 | D18: 4 | E18: 9 | F18: 13 | G18: 78 | H18: 2 | K18: 111 | L18: 276 | M18: 250 | N18: 297 | O18: 80 | P18: 239 | Q18: 1 | R18: 2 | S18: 0 | T18: 1 | U18: 1 | V18: 8 | W18: 66 | X18: 8 | Y18: 6 | Z18: 0 | AA18: 900 | AN18: =N18-AY18 -> -1.8025419 | AO18: =O18-AZ18 -> -0.91205802 | AP18: =P18-BA18 -> -1.2657894 | AY18: =10*(BE18-BD18*((L18/10)-(M18/10))*0.00066*(1+(0.00115*(M18/10)))) -> 298.80254 | AZ18: =((AY18/10)*100)/BC18 -> 80.912058 | BA18: =(243.5*LN((AY18/10)/6.112))/(17.67-LN((AY18/10)/6.112))*10 -> 240.26579 | BC18: =6.112*2.718^((17.67*(L18/10))/((L18/10)+243.5)) -> 36.929297 | BD18: 1013.2 | BE18: =6.112*2.718^((17.67*(M18/10))/((M18/10)+243.5)) -> 31.668892
A19: 10 | B19: 18 | C19: 5 | D19: 4 | E19: 8 | F19: 12 | G19: 75 | H19: 2 | K19: 89 | L19: 281 | M19: 252 | N19: 297 | O19: 78 | P19: 239 | Q19: 1 | R19: 2 | S19: 0 | T19: 1 | U19: 1 | V19: 8 | W19: 66 | X19: 8 | Y19: 7 | Z19: 0 | AA19: 900 | AN19: =N19-AY19 -> -3.5338329 | AO19: =O19-AZ19 -> -1.0377474 | AP19: =P19-BA19 -> -2.2271472 | AY19: =10*(BE19-BD19*((L19/10)-(M19/10))*0.00066*(1+(0.00115*(M19/10)))) -> 300.53383 | AZ19: =((AY19/10)*100)/BC19 -> 79.037747 | BA19: =(243.5*LN((AY19/10)/6.112))/(17.67-LN((AY19/10)/6.112))*10 -> 241.22715 | BC19: =6.112*2.718^((17.67*(L19/10))/((L19/10)+243.5)) -> 38.024089 | BD19: 1013.2 | BE19: =6.112*2.718^((17.67*(M19/10))/((M19/10)+243.5)) -> 32.048848
A20: 11 | B20: 18 | C20: 7 | D20: 4 | E20: 11 | F20: 7 | G20: 68 | H20: 1 | I20: 5 | J20: 22 | K20: 94 | L20: 278 | M20: 248 | N20: 290 | O20: 77 | P20: 235 | Q20: 2 | R20: 8 | S20: 0 | T20: 2 | U20: 2 | V20: 8 | W20: 57 | X20: 8 | Y20: 7 | Z20: 0 | AA20: 840 | AH20: hz | AN20: =N20-AY20 -> -2.2953241 | AO20: =O20-AZ20 -> -1.2294191 | AP20: =P20-BA20 -> -1.6082611 | AY20: =10*(BE20-BD20*((L20/10)-(M20/10))*0.00066*(1+(0.00115*(M20/10)))) -> 292.29532 | AZ20: =((AY20/10)*100)/BC20 -> 78.229419 | BA20: =(243.5*LN((AY20/10)/6.112))/(17.67-LN((AY20/10)/6.112))*10 -> 236.60826 | BC20: =6.112*2.718^((17.67*(L20/10))/((L20/10)+243.5)) -> 37.363862 | BD20: 1013.2 | BE20: =6.112*2.718^((17.67*(M20/10))/((M20/10)+243.5)) -> 31.292883
A21: 12 | B21: 18 | C21: 7 | D21: 4 | E21: 8 | F21: 9 | G21: 75 | H21: 2 | K21: 112 | L21: 277 | M21: 240 | N21: 270 | O21: 73 | P21: 223 | Q21: 3 | R21: 8 | S21: 4 | T21: 2 | U21: 1 | V21: 8 | W21: 66 | X21: 8 | Y21: 7 | Z21: 0 | AA21: 840 | AN21: =N21-AY21 -> -2.8511644 | AO21: =O21-AZ21 -> -0.45366563 | AP21: =P21-BA21 -> -2.2375592 | AY21: =10*(BE21-BD21*((L21/10)-(M21/10))*0.00066*(1+(0.00115*(M21/10)))) -> 272.85116 | AZ21: =((AY21/10)*100)/BC21 -> 73.453666 | BA21: =(243.5*LN((AY21/10)/6.112))/(17.67-LN((AY21/10)/6.112))*10 -> 225.23756 | BC21: =6.112*2.718^((17.67*(L21/10))/((L21/10)+243.5)) -> 37.146024 | BD21: 1013.2 | BE21: =6.112*2.718^((17.67*(M21/10))/((M21/10)+243.5)) -> 29.82764
A22: 13 | B22: 18 | C22: 1 | D22: 4 | E22: 6 | F22: 12 | G22: 80 | H22: 2 | K22: 119 | L22: 280 | M22: 240 | N22: 266 | O22: 70 | P22: 221 | Q22: 1 | R22: 2 | S22: 0 | T22: 1 | U22: 1 | V22: 8 | W22: 63 | X22: 8 | AN22: =N22-AY22 -> -4.7896591 | AO22: =O22-AZ22 -> -1.6319998 | AP22: =P22-BA22 -> -2.9907322 | AY22: =10*(BE22-BD22*((L22/10)-(M22/10))*0.00066*(1+(0.00115*(M22/10)))) -> 270.78966 | AZ22: =((AY22/10)*100)/BC22 -> 71.632 | BA22: =(243.5*LN((AY22/10)/6.112))/(17.67-LN((AY22/10)/6.112))*10 -> 223.99073 | BC22: =6.112*2.718^((17.67*(L22/10))/((L22/10)+243.5)) -> 37.80289 | BD22: 1013.2 | BE22: =6.112*2.718^((17.67*(M22/10))/((M22/10)+243.5)) -> 29.82764
A23: 14 | B23: 18 | C23: 7 | D23: 4 | E23: 7 | F23: 12 | G23: 78 | H23: 2 | K23: 114 | L23: 277 | M23: 236 | N23: 259 | O23: 70 | P23: 217 | Q23: 1 | R23: 8 | S23: 6 | T23: 1 | U23: 1 | V23: 8 | W23: 60 | X23: 8 | Y23: 6 | Z23: 0 | AA23: 840 | AN23: =N23-AY23 -> -4.016839 | AO23: =O23-AZ23 -> -0.80618836 | AP23: =P23-BA23 -> -2.213541 | AY23: =10*(BE23-BD23*((L23/10)-(M23/10))*0.00066*(1+(0.00115*(M23/10)))) -> 263.01684 | AZ23: =((AY23/10)*100)/BC23 -> 70.806188 | BA23: =(243.5*LN((AY23/10)/6.112))/(17.67-LN((AY23/10)/6.112))*10 -> 219.21354 | BC23: =6.112*2.718^((17.67*(L23/10))/((L23/10)+243.5)) -> 37.146024 | BD23: 1013.2 | BE23: =6.112*2.718^((17.67*(M23/10))/((M23/10)+243.5)) -> 29.117813
A24: 15 | B24: 18 | C24: 2 | D24: 4 | E24: 9 | F24: 12 | G24: 78 | H24: 2 | K24: 108 | L24: 281 | M24: 230 | N24: 240 | O24: 63 | P24: 204 | Q24: 1 | R24: 1 | S24: 0 | T24: 1 | U24: 1 | V24: 8 | W24: 66 | X24: 8 | AN24: =N24-AY24 -> -5.801765 | AO24: =O24-AZ24 -> -1.6436962 | AP24: =P24-BA24 -> -4.1761063 | AY24: =10*(BE24-BD24*((L24/10)-(M24/10))*0.00066*(1+(0.00115*(M24/10)))) -> 245.80177 | AZ24: =((AY24/10)*100)/BC24 -> 64.643696 | BA24: =(243.5*LN((AY24/10)/6.112))/(17.67-LN((AY24/10)/6.112))*10 -> 208.17611 | BC24: =6.112*2.718^((17.67*(L24/10))/((L24/10)+243.5)) -> 38.024089 | BD24: 1013.2 | BE24: =6.112*2.718^((17.67*(M24/10))/((M24/10)+243.5)) -> 28.080814
A25: 16 | B25: 18 | C25: 6 | D25: 4 | E25: 9 | F25: 11 | G25: 68 | H25: 1 | I25: 15 | J25: 22 | K25: 125 | L25: 280 | M25: 246 | N25: 283 | O25: 75 | P25: 231 | Q25: 4 | R25: 8 | S25: 0 | T25: 2 | U25: 3 | V25: 8 | W25: 54 | X25: 8 | Y25: 5 | Z25: 0 | AA25: 840 | AH25: tcu-ene, jp-ene | AN25: =N25-AY25 -> -2.8284703 | AO25: =O25-AZ25 -> -0.61021717 | AP25: =P25-BA25 -> -1.9020731 | AY25: =10*(BE25-BD25*((L25/10)-(M25/10))*0.00066*(1+(0.00115*(M25/10)))) -> 285.82847 | AZ25: =((AY25/10)*100)/BC25 -> 75.610217 | BA25: =(243.5*LN((AY25/10)/6.112))/(17.67-LN((AY25/10)/6.112))*10 -> 232.90207 | BC25: =6.112*2.718^((17.67*(L25/10))/((L25/10)+243.5)) -> 37.80289 | BD25: 1013.2 | BE25: =6.112*2.718^((17.67*(M25/10))/((M25/10)+243.5)) -> 30.920789
A26: 17 | B26: 18 | C26: 8 | D26: 4 | E26: 0 | F26: 0 | G26: 70 | H26: 1 | I26: 5 | J26: 62 | K26: 139 | L26: 241 | M26: 231 | N26: 274 | O26: 91 | P26: 226 | Q26: 6 | R26: 8 | S26: 4 | T26: 2 | U26: 3 | V26: 8 | W26: 45 | X26: 8 | Y26: 6 | Z26: 6 | AA26: 105 | AH26: hz; ro ---> roro 17:05-17:30 | AN26: =N26-AY26 -> -1.6488988 | AO26: =O26-AZ26 -> -0.86016616 | AP26: =P26-BA26 -> -0.91652905 | AY26: =10*(BE26-BD26*((L26/10)-(M26/10))*0.00066*(1+(0.00115*(M26/10)))) -> 275.6489 | AZ26: =((AY26/10)*100)/BC26 -> 91.860166 | BA26: =(243.5*LN((AY26/10)/6.112))/(17.67-LN((AY26/10)/6.112))*10 -> 226.91653 | BC26: =6.112*2.718^((17.67*(L26/10))/((L26/10)+243.5)) -> 30.007446 | BD26: 1013.2 | BE26: =6.112*2.718^((17.67*(M26/10))/((M26/10)+243.5)) -> 28.251366
A27: 18 | B27: 18 | C27: 5 | D27: 4 | E27: 7 | F27: 8 | G27: 68 | H27: 1 | I27: 15 | J27: 82 | K27: 133 | L27: 271 | M27: 249 | N27: 297 | O27: 83 | P27: 239 | Q27: 4 | R27: 4 | S27: 0 | T27: 2 | U27: 2 | V27: 8 | W27: 54 | X27: 8 | Y27: 3 | Z27: 6 | AA27: 120 | AH27: pro @ 17:16-21 jp-ne hz | AN27: =N27-AY27 -> -2.6710292 | AO27: =O27-AZ27 -> -0.56191485 | AP27: =P27-BA27 -> -1.7486542 | AY27: =10*(BE27-BD27*((L27/10)-(M27/10))*0.00066*(1+(0.00115*(M27/10)))) -> 299.67103 | AZ27: =((AY27/10)*100)/BC27 -> 83.561915 | BA27: =(243.5*LN((AY27/10)/6.112))/(17.67-LN((AY27/10)/6.112))*10 -> 240.74865 | BC27: =6.112*2.718^((17.67*(L27/10))/((L27/10)+243.5)) -> 35.862154 | BD27: 1013.2 | BE27: =6.112*2.718^((17.67*(M27/10))/((M27/10)+243.5)) -> 31.480396
A28: 19 | B28: 18 | C28: 3 | D28: 4 | E28: 7 | F28: 12 | G28: 72 | H28: 1 | I28: 5 | J28: 11 | K28: 110 | L28: 280 | M28: 247 | N28: 285 | O28: 75 | P28: 232 | Q28: 2 | R28: 8 | S28: 3 | T28: 1 | U28: 1 | V28: 8 | W28: 60 | X28: 8 | AH28: hz | AN28: =N28-AY28 -> -3.3691666 | AO28: =O28-AZ28 -> -1.2823077 | AP28: =P28-BA28 -> -2.3668342 | AY28: =10*(BE28-BD28*((L28/10)-(M28/10))*0.00066*(1+(0.00115*(M28/10)))) -> 288.36917 | AZ28: =((AY28/10)*100)/BC28 -> 76.282308 | BA28: =(243.5*LN((AY28/10)/6.112))/(17.67-LN((AY28/10)/6.112))*10 -> 234.36683 | BC28: =6.112*2.718^((17.67*(L28/10))/((L28/10)+243.5)) -> 37.80289 | BD28: 1013.2 | BE28: =6.112*2.718^((17.67*(M28/10))/((M28/10)+243.5)) -> 31.106349
A29: 20 | B29: 18 | C29: 7 | D29: 4 | E29: 11 | F29: 13 | G29: 62 | H29: 1 | I29: 5 | J29: 82 | K29: 110 | L29: 260 | M29: 250 | N29: 309 | O29: 92 | P29: 246 | Q29: 7 | R29: 8 | S29: 7 | T29: / | U29: 5 | V29: 8 | W29: 51 | X29: 8 | Y29: 6 | Z29: 4 | AA29: 240 | AH29: pro ended @ 17:05 hz | AN29: =N29-AY29 -> -0.8095414 | AO29: =O29-AZ29 -> -0.18091271 | AP29: =P29-BA29 -> -0.29668794 | AY29: =10*(BE29-BD29*((L29/10)-(M29/10))*0.00066*(1+(0.00115*(M29/10)))) -> 309.80954 | AZ29: =((AY29/10)*100)/BC29 -> 92.180913 | BA29: =(243.5*LN((AY29/10)/6.112))/(17.67-LN((AY29/10)/6.112))*10 -> 246.29669 | BC29: =6.112*2.718^((17.67*(L29/10))/((L29/10)+243.5)) -> 33.60886 | BD29: 1013.2 | BE29: =6.112*2.718^((17.67*(M29/10))/((M29/10)+243.5)) -> 31.668892
A30: 21 | B30: 18 | C30: 6 | D30: 4 | E30: 8 | F30: 9 | G30: 70 | H30: 1 | I30: 5 | J30: 22 | K30: 115 | L30: 280 | M30: 255 | N30: 308 | O30: 81 | P30: 245 | Q30: 1 | R30: 8 | S30: 3 | T30: 2 | U30: 1 | V30: 8 | W30: 63 | X30: 8 | Y30: 6 | Z30: 0 | AA30: 840 | AH30: hz | AN30: =N30-AY30 -> -1.054572 | AO30: =O30-AZ30 -> -0.75421883 | AP30: =P30-BA30 -> -0.88907081 | AY30: =10*(BE30-BD30*((L30/10)-(M30/10))*0.00066*(1+(0.00115*(M30/10)))) -> 309.05457 | AZ30: =((AY30/10)*100)/BC30 -> 81.754219 | BA30: =(243.5*LN((AY30/10)/6.112))/(17.67-LN((AY30/10)/6.112))*10 -> 245.88907 | BC30: =6.112*2.718^((17.67*(L30/10))/((L30/10)+243.5)) -> 37.80289 | BD30: 1013.2 | BE30: =6.112*2.718^((17.67*(M30/10))/((M30/10)+243.5)) -> 32.626262
A31: 22 | B31: 18 | C31: 4 | D31: 4 | E31: 7 | F31: 12 | G31: 70 | H31: 1 | I31: 5 | J31: 11 | K31: 117 | L31: 277 | M31: 237 | N31: 261 | O31: 70 | P31: 218 | Q31: 4 | R31: 8 | S31: 3 | T31: 1 | U31: 1 | V31: 8 | W31: 57 | X31: 8 | Y31: 4 | Z31: 6 | AA31: 120 | AH31: hz | AN31: =N31-AY31 -> -4.4611745 | AO31: =O31-AZ31 -> -1.4642226 | AP31: =P31-BA31 -> -2.7290241 | AY31: =10*(BE31-BD31*((L31/10)-(M31/10))*0.00066*(1+(0.00115*(M31/10)))) -> 265.46117 | AZ31: =((AY31/10)*100)/BC31 -> 71.464223 | BA31: =(243.5*LN((AY31/10)/6.112))/(17.67-LN((AY31/10)/6.112))*10 -> 220.72902 | BC31: =6.112*2.718^((17.67*(L31/10))/((L31/10)+243.5)) -> 37.146024 | BD31: 1013.2 | BE31: =6.112*2.718^((17.67*(M31/10))/((M31/10)+243.5)) -> 29.293868
A32: 23 | B32: 18 | C32: 7 | D32: 4 | E32: 0 | F32: 0 | G32: 80 | H32: 2 | K32: 108 | L32: 285 | M32: 250 | N32: 290 | O32: 74 | P32: 235 | Q32: 1 | R32: 2 | S32: 0 | T32: 2 | U32: 1 | V32: 8 | W32: 66 | X32: 8 | Y32: 7 | Z32: 0 | AA32: 870 | AN32: =N32-AY32 -> -2.6111046 | AO32: =O32-AZ32 -> -1.1822557 | AP32: =P32-BA32 -> -1.7873911 | AY32: =10*(BE32-BD32*((L32/10)-(M32/10))*0.00066*(1+(0.00115*(M32/10)))) -> 292.6111 | AZ32: =((AY32/10)*100)/BC32 -> 75.182256 | BA32: =(243.5*LN((AY32/10)/6.112))/(17.67-LN((AY32/10)/6.112))*10 -> 236.78739 | BC32: =6.112*2.718^((17.67*(L32/10))/((L32/10)+243.5)) -> 38.920235 | BD32: 1013.2 | BE32: =6.112*2.718^((17.67*(M32/10))/((M32/10)+243.5)) -> 31.668892
A33: 24 | B33: 18 | C33: 7 | D33: 4 | E33: 7 | F33: 5 | G33: 58 | H33: 1 | I33: 15 | J33: 82 | K33: 110 | L33: 255 | M33: 245 | N33: 300 | O33: 92 | P33: 241 | Q33: 6 | R33: 8 | S33: 0 | T33: 2 | U33: 3 | V33: 8 | W33: 48 | X33: 8 | Y33: 5 | Z33: 6 | AA33: 114 | AH33: pro @ 17:18-30, jp-s | AN33: =N33-AY33 -> -0.48644875 | AO33: =O33-AZ33 -> -0.099563028 | AP33: =P33-BA33 -> -0.20090014 | AY33: =10*(BE33-BD33*((L33/10)-(M33/10))*0.00066*(1+(0.00115*(M33/10)))) -> 300.48645 | AZ33: =((AY33/10)*100)/BC33 -> 92.099563 | BA33: =(243.5*LN((AY33/10)/6.112))/(17.67-LN((AY33/10)/6.112))*10 -> 241.2009 | BC33: =6.112*2.718^((17.67*(L33/10))/((L33/10)+243.5)) -> 32.626262 | BD33: 1013.2 | BE33: =6.112*2.718^((17.67*(M33/10))/((M33/10)+243.5)) -> 30.736198
A34: 25 | B34: 18 | C34: 7 | D34: 4 | E34: 7 | F34: 5 | G34: 76 | H34: 2 | K34: 121 | L34: 274 | M34: 233 | N34: 253 | O34: 69 | P34: 213 | Q34: 7 | R34: 8 | S34: 0 | T34: 2 | U34: 1 | V34: 8 | W34: 60 | X34: 8 | Y34: 7 | Z34: 6 | AA34: =45*3 -> 135 | AN34: =N34-AY34 -> -4.8001238 | AO34: =O34-AZ34 -> -1.6318052 | AP34: =P34-BA34 -> -2.937447 | AY34: =10*(BE34-BD34*((L34/10)-(M34/10))*0.00066*(1+(0.00115*(M34/10)))) -> 257.80012 | AZ34: =((AY34/10)*100)/BC34 -> 70.631805 | BA34: =(243.5*LN((AY34/10)/6.112))/(17.67-LN((AY34/10)/6.112))*10 -> 215.93745 | BC34: =6.112*2.718^((17.67*(L34/10))/((L34/10)+243.5)) -> 36.499155 | BD34: 1013.2 | BE34: =6.112*2.718^((17.67*(M34/10))/((M34/10)+243.5)) -> 28.595196
A35: 26 | B35: 18 | C35: 6 | D35: 4 | E35: 7 | F35: 10 | G35: 72 | H35: 1 | I35: 5 | J35: 22 | K35: 121 | L35: 273 | M35: 253 | N35: 306 | O35: 84 | P35: 244 | Q35: 4 | R35: 8 | S35: 4 | T35: 3 | U35: 1 | V35: 8 | W35: 54 | X35: 8 | Y35: 4 | Z35: 6 | AA35: 114 | AH35: hz | AN35: =N35-AY35 -> -2.6398134 | AO35: =O35-AZ35 -> -1.0581755 | AP35: =P35-BA35 -> -1.6647665 | AY35: =10*(BE35-BD35*((L35/10)-(M35/10))*0.00066*(1+(0.00115*(M35/10)))) -> 308.63981 | AZ35: =((AY35/10)*100)/BC35 -> 85.058176 | BA35: =(243.5*LN((AY35/10)/6.112))/(17.67-LN((AY35/10)/6.112))*10 -> 245.66477 | BC35: =6.112*2.718^((17.67*(L35/10))/((L35/10)+243.5)) -> 36.285732 | BD35: 1013.2 | BE35: =6.112*2.718^((17.67*(M35/10))/((M35/10)+243.5)) -> 32.240318
A36: 27 | B36: 18 | C36: 6 | D36: 4 | E36: 7 | F36: 11 | G36: 60 | H36: 1 | I36: 15 | J36: 22 | K36: 124 | L36: 263 | M36: 249 | N36: 304 | O36: 89 | P36: 243 | Q36: 4 | R36: 8 | S36: 0 | T36: 1 | U36: 1 | V36: 8 | W36: 54 | X36: 8 | Y36: 4 | Z36: 6 | AA36: 105 | AH36: jp-sw hz | AN36: =N36-AY36 -> -1.1739137 | AO36: =O36-AZ36 -> -0.20407014 | AP36: =P36-BA36 -> -0.77999785 | AY36: =10*(BE36-BD36*((L36/10)-(M36/10))*0.00066*(1+(0.00115*(M36/10)))) -> 305.17391 | AZ36: =((AY36/10)*100)/BC36 -> 89.20407 | BA36: =(243.5*LN((AY36/10)/6.112))/(17.67-LN((AY36/10)/6.112))*10 -> 243.78 | BC36: =6.112*2.718^((17.67*(L36/10))/((L36/10)+243.5)) -> 34.210761 | BD36: 1013.2 | BE36: =6.112*2.718^((17.67*(M36/10))/((M36/10)+243.5)) -> 31.480396
A37: 28 | B37: 18 | C37: 3 | D37: 4 | E37: 7 | F37: 12 | G37: 65 | H37: 1 | I37: 5 | J37: 0 | K37: 133 | L37: 274 | M37: 255 | N37: 311 | O37: 85 | P37: 247 | Q37: 2 | R37: 8 | S37: 3 | T37: 0 | U37: 2 | V37: 8 | W37: 63 | X37: 8 | AH37: hz | AN37: =N37-AY37 -> -2.1845039 | AO37: =O37-AZ37 -> -0.8059591 | AP37: =P37-BA37 -> -1.1083069 | AY37: =10*(BE37-BD37*((L37/10)-(M37/10))*0.00066*(1+(0.00115*(M37/10)))) -> 313.1845 | AZ37: =((AY37/10)*100)/BC37 -> 85.805959 | BA37: =(243.5*LN((AY37/10)/6.112))/(17.67-LN((AY37/10)/6.112))*10 -> 248.10831 | BC37: =6.112*2.718^((17.67*(L37/10))/((L37/10)+243.5)) -> 36.499155 | BD37: 1013.2 | BE37: =6.112*2.718^((17.67*(M37/10))/((M37/10)+243.5)) -> 32.626262
A38: 29 | B38: 18 | C38: 6 | D38: 4 | E38: 5 | F38: 10 | G38: 59 | H38: 1 | I38: 5 | J38: 22 | K38: 129 | L38: 257 | M38: 237 | N38: 279 | O38: 84 | P38: 228 | Q38: 6 | R38: 8 | S38: / | T38: / | U38: 2 | V38: 8 | W38: 54 | X38: 8 | Y38: 6 | Z38: 6 | AA38: 105 | AH38: cb-ne hz | AN38: =N38-AY38 -> -0.19992939 | AO38: =O38-AZ38 -> -0.56441579 | AP38: =P38-BA38 -> -1.026192 | AY38: =10*(BE38-BD38*((L38/10)-(M38/10))*0.00066*(1+(0.00115*(M38/10)))) -> 279.19993 | AZ38: =((AY38/10)*100)/BC38 -> 84.564416 | BA38: =(243.5*LN((AY38/10)/6.112))/(17.67-LN((AY38/10)/6.112))*10 -> 229.02619 | BC38: =6.112*2.718^((17.67*(L38/10))/((L38/10)+243.5)) -> 33.016243 | BD38: 1013.2 | BE38: =6.112*2.718^((17.67*(M38/10))/((M38/10)+243.5)) -> 29.293868
A39: 30 | B39: 18 | C39: 7 | D39: 4 | E39: 7 | F39: 15 | G39: 57 | H39: 1 | I39: 15 | J39: 22 | K39: 111 | L39: 269 | M39: 236 | N39: 265 | O39: 75 | P39: 220 | Q39: 7 | R39: 8 | S39: 4 | T39: 0 | U39: 4 | V39: 8 | W39: 45 | X39: 8 | Y39: 6 | Z39: 6 | AA39: 105 | AH39: jp-ene,ese | AN39: =N39-AY39 -> -3.5117257 | AO39: =O39-AZ39 -> -0.75894745 | AP39: =P39-BA39 -> -2.6032944 | AY39: =10*(BE39-BD39*((L39/10)-(M39/10))*0.00066*(1+(0.00115*(M39/10)))) -> 268.51173 | AZ39: =((AY39/10)*100)/BC39 -> 75.758947 | BA39: =(243.5*LN((AY39/10)/6.112))/(17.67-LN((AY39/10)/6.112))*10 -> 222.60329 | BC39: =6.112*2.718^((17.67*(L39/10))/((L39/10)+243.5)) -> 35.442906 | BD39: 1013.2 | BE39: =6.112*2.718^((17.67*(M39/10))/((M39/10)+243.5)) -> 29.117813
AY40: =10*(BE40-BD40*((L40/10)-(M40/10))*0.00066*(1+(0.00115*(M40/10)))) -> 61.12 | AZ40: =((AY40/10)*100)/BC40 -> 100 | BA40: =(243.5*LN((AY40/10)/6.112))/(17.67-LN((AY40/10)/6.112))*10 -> 0 | BC40: =6.112*2.718^((17.67*(L40/10))/((L40/10)+243.5)) -> 6.112 | BD40: 1013.2 | BE40: =6.112*2.718^((17.67*(M40/10))/((M40/10)+243.5)) -> 6.112
AH41: Checked by VBA: 10:16:24 AM 3/17/2020
A42: SUM | C42: =SUM(C10:C40) -> 147 | F42: =SUM(F10:F40) -> 299 | K42: =SUM(K10:K40) -> 3489 | L42: =SUM(L10:L40) -> 8206 | M42: =SUM(M10:M40) -> 7336 | N42: =SUM(N10:N40) -> 8527 | O42: =SUM(O10:O40) -> 2341 | P42: =SUM(P10:P40) -> 6941 | Q42: =SUM(Q10:Q40) -> 84
A43: MEANS | C43: =AVERAGE(C10:C40) -> 4.9 | E43: =MODE(E10:E40) -> 7 | F43: =AVERAGE(F10:F40) -> 9.9666667 | K43: =AVERAGE(K10:K40) -> 116.3 | L43: =AVERAGE(L10:L40) -> 273.53333 | M43: =AVERAGE(M10:M40) -> 244.53333 | N43: =AVERAGE(N10:N40) -> 284.23333 | O43: =AVERAGE(O10:O40) -> 78.033333 | P43: =AVERAGE(P10:P40) -> 231.36667 | Q43: =AVERAGE(Q10:Q40) -> 2.8 | AN43: =AVERAGE(AN10:AN40) -> -2.5631515 | AO43: =AVERAGE(AO10:AO40) -> -0.91851032 | AP43: =AVERAGE(AP10:AP40) -> -1.8444383

Sheet 2100z
E7: WIND | L7: TEMP AND HUMIDITY | Q7: CLOUDS | U7: CLOUDS REPORTED BY 8NsChshs GROUPS | AH7: REMARKS | AN7: S.rule - Formula | AY7: Formula
A8: DAY | B8: HOUR | C8: Total cloud Amt. | D8: Wind indicator | E8: DIRECTION | F8: SPEED | G8: VISIBILITY | H8: Weather Indicator | I8: PRESENT WEATHER | J8: PAST WEATHER | K8: SEA LEVEL PRESSURE | L8: Dry Bulb | M8: Wet Bulb | N8: Vapour Pressure | O8: Relative humidity | P8: Dew Point | Q8: Total amt. Nh | R8: Form of CL | S8: Form of CM | T8: Form of CH | U8: Lowest layer | X8: 3/8 or more | AB8: 5/8 or more | AE8: Cb cloud | AN8: Vapour Pressure | AO8: Relative humidity | AP8: Dew Point | AY8: Vapour Pressure | AZ8: Relative humidity | BA8: Dew Point
U9: Amount | V9: Form | W9: Height | X9: Indicator | Y9: Amount | Z9: Form | AA9: Height | AB9: Amount | AC9: Form | AD9: Height | AE9: Amount | AF9: Form | AG9: Height | BC9: ####### | BD9: ********* | BE9: &&&&&&
A10: 1 | B10: 17 | C10: 3 | D10: 4 | E10: 8 | F10: 11 | G10: 76 | H10: 2 | K10: 122 | L10: 286 | M10: 254 | N10: 295 | O10: 75 | P10: 238 | Q10: 2 | R10: 8 | S10: 0 | T10: 1 | U10: 1 | V10: 8 | W10: 69 | X10: 8 | AN10: =N10-AY10 -> -7.3040336 | AO10: =O10-AZ10 -> -2.2225215 | AP10: =P10-BA10 -> -4.2051099 | AY10: =10*(BE10-BD10*((L10/10)-(M10/10))*0.00066*(1+(0.00115*(M10/10)))) -> 302.30403 | AZ10: =((AY10/10)*100)/BC10 -> 77.222522 | BA10: =(243.5*LN((AY10/10)/6.112))/(17.67-LN((AY10/10)/6.112))*10 -> 242.20511 | BC10: =6.112*2.718^((17.67*(L10/10))/((L10/10)+243.5)) -> 39.147133 | BD10: 1013.2 | BE10: =6.112*2.718^((17.67*(M10/10))/((M10/10)+243.5)) -> 32.432788
A11: 2 | B11: 17 | C11: 2 | D11: 4 | E11: 10 | F11: 12 | G11: 75 | H11: 2 | K11: 114 | L11: 287 | M11: 249 | N11: 285 | O11: 72 | P11: 232 | Q11: 1 | R11: 2 | S11: 0 | T11: 1 | U11: 1 | V11: 8 | W11: 63 | X11: 8 | AN11: =N11-AY11 -> -3.6652601 | AO11: =O11-AZ11 -> -1.3114655 | AP11: =P11-BA11 -> -2.5368017 | AY11: =10*(BE11-BD11*((L11/10)-(M11/10))*0.00066*(1+(0.00115*(M11/10)))) -> 288.66526 | AZ11: =((AY11/10)*100)/BC11 -> 73.311465 | BA11: =(243.5*LN((AY11/10)/6.112))/(17.67-LN((AY11/10)/6.112))*10 -> 234.5368 | BC11: =6.112*2.718^((17.67*(L11/10))/((L11/10)+243.5)) -> 39.375186 | BD11: 1013.2 | BE11: =6.112*2.718^((17.67*(M11/10))/((M11/10)+243.5)) -> 31.480396
A12: 3 | B12: 17 | C12: 2 | D12: 4 | E12: 10 | F12: 12 | G12: 75 | H12: 2 | K12: 116 | L12: 286 | M12: 250 | N12: 289 | O12: 74 | P12: 234 | Q12: 1 | R12: 2 | S12: 0 | T12: 2 | U12: 1 | V12: 8 | W12: 69 | X12: 8 | AN12: =N12-AY12 -> -2.9231672 | AO12: =O12-AZ12 -> -0.57076503 | AP12: =P12-BA12 -> -2.3969334 | AY12: =10*(BE12-BD12*((L12/10)-(M12/10))*0.00066*(1+(0.00115*(M12/10)))) -> 291.92317 | AZ12: =((AY12/10)*100)/BC12 -> 74.570765 | BA12: =(243.5*LN((AY12/10)/6.112))/(17.67-LN((AY12/10)/6.112))*10 -> 236.39693 | BC12: =6.112*2.718^((17.67*(L12/10))/((L12/10)+243.5)) -> 39.147133 | BD12: 1013.2 | BE12: =6.112*2.718^((17.67*(M12/10))/((M12/10)+243.5)) -> 31.668892
A13: 4 | B13: 17 | C13: 2 | D13: 4 | E13: 8 | F13: 12 | G13: 80 | H13: 2 | K13: 124 | L13: 283 | M13: 257 | N13: 310 | O13: 81 | P13: 246 | Q13: 2 | R13: 2 | S13: 0 | T13: 2 | U13: 2 | V13: 8 | W13: 69 | X13: 8 | AN13: =N13-AY13 -> -2.2620588 | AO13: =O13-AZ13 -> -0.17052641 | AP13: =P13-BA13 -> -1.6148586 | AY13: =10*(BE13-BD13*((L13/10)-(M13/10))*0.00066*(1+(0.00115*(M13/10)))) -> 312.26206 | AZ13: =((AY13/10)*100)/BC13 -> 81.170526 | BA13: =(243.5*LN((AY13/10)/6.112))/(17.67-LN((AY13/10)/6.112))*10 -> 247.61486 | BC13: =6.112*2.718^((17.67*(L13/10))/((L13/10)+243.5)) -> 38.469882 | BD13: 1013.2 | BE13: =6.112*2.718^((17.67*(M13/10))/((M13/10)+243.5)) -> 33.016243
A14: 5 | B14: 17 | C14: 4 | D14: 4 | E14: 9 | F14: 14 | G14: 78 | H14: 2 | K14: 118 | L14: 287 | M14: 255 | N14: 300 | O14: 77 | P14: 241 | Q14: 1 | R14: 1 | S14: 0 | T14: 1 | U14: 1 | V14: 8 | W14: 66 | X14: 8 | Y14: 4 | Z14: 0 | AA14: 900 | AN14: =N14-AY14 -> -4.2363182 | AO14: =O14-AZ14 -> -0.26600121 | AP14: =P14-BA14 -> -2.2669103 | AY14: =10*(BE14-BD14*((L14/10)-(M14/10))*0.00066*(1+(0.00115*(M14/10)))) -> 304.23632 | AZ14: =((AY14/10)*100)/BC14 -> 77.266001 | BA14: =(243.5*LN((AY14/10)/6.112))/(17.67-LN((AY14/10)/6.112))*10 -> 243.26691 | BC14: =6.112*2.718^((17.67*(L14/10))/((L14/10)+243.5)) -> 39.375186 | BD14: 1013.2 | BE14: =6.112*2.718^((17.67*(M14/10))/((M14/10)+243.5)) -> 32.626262
A15: 6 | B15: 17 | C15: 2 | D15: 4 | E15: 11 | F15: 15 | G15: 80 | H15: 2 | K15: 113 | L15: 284 | M15: 249 | N15: 289 | O15: 74 | P15: 234 | Q15: 1 | R15: 1 | S15: 0 | T15: 1 | U15: 1 | V15: 8 | W15: 66 | X15: 8 | AN15: =N15-AY15 -> -1.7288418 | AO15: =O15-AZ15 -> -1.1344366 | AP15: =P15-BA15 -> -1.7171433 | AY15: =10*(BE15-BD15*((L15/10)-(M15/10))*0.00066*(1+(0.00115*(M15/10)))) -> 290.72884 | AZ15: =((AY15/10)*100)/BC15 -> 75.134437 | BA15: =(243.5*LN((AY15/10)/6.112))/(17.67-LN((AY15/10)/6.112))*10 -> 235.71714 | BC15: =6.112*2.718^((17.67*(L15/10))/((L15/10)+243.5)) -> 38.694486 | BD15: 1013.2 | BE15: =6.112*2.718^((17.67*(M15/10))/((M15/10)+243.5)) -> 31.480396
A16: 7 | B16: 17 | C16: 5 | D16: 4 | E16: 11 | F16: 14 | G16: 76 | H16: 2 | K16: 107 | L16: 282 | M16: 252 | N16: 296 | O16: 77 | P16: 239 | Q16: 1 | R16: 1 | S16: 0 | T16: 2 | U16: 1 | V16: 8 | W16: 66 | X16: 8 | Y16: 5 | Z16: 0 | AA16: 840 | AN16: =N16-AY16 -> -3.8457417 | AO16: =O16-AZ16 -> -1.3983852 | AP16: =P16-BA16 -> -1.8456434 | AY16: =10*(BE16-BD16*((L16/10)-(M16/10))*0.00066*(1+(0.00115*(M16/10)))) -> 299.84574 | AZ16: =((AY16/10)*100)/BC16 -> 78.398385 | BA16: =(243.5*LN((AY16/10)/6.112))/(17.67-LN((AY16/10)/6.112))*10 -> 240.84564 | BC16: =6.112*2.718^((17.67*(L16/10))/((L16/10)+243.5)) -> 38.246418 | BD16: 1013.2 | BE16: =6.112*2.718^((17.67*(M16/10))/((M16/10)+243.5)) -> 32.048848
A17: 8 | B17: 17 | C17: 1 | D17: 4 | E17: 10 | F17: 14 | G17: 75 | H17: 2 | K17: 104 | L17: 284 | M17: 254 | N17: 300 | O17: 78 | P17: 241 | Q17: 1 | R17: 2 | S17: 0 | T17: 0 | U17: 1 | V17: 8 | W17: 69 | X17: 8 | AN17: =N17-AY17 -> -3.6805237 | AO17: =O17-AZ17 -> -0.48160138 | AP17: =P17-BA17 -> -1.9621047 | AY17: =10*(BE17-BD17*((L17/10)-(M17/10))*0.00066*(1+(0.00115*(M17/10)))) -> 303.68052 | AZ17: =((AY17/10)*100)/BC17 -> 78.481601 | BA17: =(243.5*LN((AY17/10)/6.112))/(17.67-LN((AY17/10)/6.112))*10 -> 242.9621 | BC17: =6.112*2.718^((17.67*(L17/10))/((L17/10)+243.5)) -> 38.694486 | BD17: 1013.2 | BE17: =6.112*2.718^((17.67*(M17/10))/((M17/10)+243.5)) -> 32.432788
A18: 9 | B18: 17 | C18: 7 | D18: 4 | E18: 9 | F18: 16 | G18: 78 | H18: 2 | K18: 106 | L18: 283 | M18: 250 | N18: 292 | O18: 76 | P18: 236 | Q18: 1 | R18: 2 | S18: 0 | T18: 1 | U18: 1 | V18: 8 | W18: 66 | X18: 8 | Y18: 6 | Z18: 0 | AA18: 900 | AN18: =N18-AY18 -> -1.9869796 | AO18: =O18-AZ18 -> -0.42003637 | AP18: =P18-BA18 -> -1.5659006 | AY18: =10*(BE18-BD18*((L18/10)-(M18/10))*0.00066*(1+(0.00115*(M18/10)))) -> 293.98698 | AZ18: =((AY18/10)*100)/BC18 -> 76.420036 | BA18: =(243.5*LN((AY18/10)/6.112))/(17.67-LN((AY18/10)/6.112))*10 -> 237.5659 | BC18: =6.112*2.718^((17.67*(L18/10))/((L18/10)+243.5)) -> 38.469882 | BD18: 1013.2 | BE18: =6.112*2.718^((17.67*(M18/10))/((M18/10)+243.5)) -> 31.668892
A19: 10 | B19: 17 | C19: 7 | D19: 4 | E19: 10 | F19: 12 | G19: 75 | H19: 2 | K19: 90 | L19: 290 | M19: 253 | N19: 294 | O19: 73 | P19: 237 | Q19: 2 | R19: 4 | S19: 0 | T19: 1 | U19: 2 | V19: 8 | W19: 60 | X19: 8 | Y19: 7 | Z19: 0 | AA19: 900 | AN19: =N19-AY19 -> -2.9409544 | AO19: =O19-AZ19 -> -1.1123559 | AP19: =P19-BA19 -> -2.2266228 | AY19: =10*(BE19-BD19*((L19/10)-(M19/10))*0.00066*(1+(0.00115*(M19/10)))) -> 296.94095 | AZ19: =((AY19/10)*100)/BC19 -> 74.112356 | BA19: =(243.5*LN((AY19/10)/6.112))/(17.67-LN((AY19/10)/6.112))*10 -> 239.22662 | BC19: =6.112*2.718^((17.67*(L19/10))/((L19/10)+243.5)) -> 40.066322 | BD19: 1013.2 | BE19: =6.112*2.718^((17.67*(M19/10))/((M19/10)+243.5)) -> 32.240318
A20: 11 | B20: 17 | C20: 7 | D20: 4 | E20: 11 | F20: 10 | G20: 68 | H20: 1 | I20: 15 | J20: 22 | K20: 89 | L20: 283 | M20: 251 | N20: 294 | O20: 76 | P20: 237 | Q20: 2 | R20: 8 | S20: 0 | T20: 2 | U20: 2 | V20: 8 | W20: 60 | X20: 8 | Y20: 7 | Z20: 0 | AA20: 840 | AH20: jp-nne hz | AN20: =N20-AY20 -> -2.567281 | AO20: =O20-AZ20 -> -1.0907692 | AP20: =P20-BA20 -> -2.0173454 | AY20: =10*(BE20-BD20*((L20/10)-(M20/10))*0.00066*(1+(0.00115*(M20/10)))) -> 296.56728 | AZ20: =((AY20/10)*100)/BC20 -> 77.090769 | BA20: =(243.5*LN((AY20/10)/6.112))/(17.67-LN((AY20/10)/6.112))*10 -> 239.01735 | BC20: =6.112*2.718^((17.67*(L20/10))/((L20/10)+243.5)) -> 38.469882 | BD20: 1013.2 | BE20: =6.112*2.718^((17.67*(M20/10))/((M20/10)+243.5)) -> 31.858374
A21: 12 | B21: 17 | C21: 7 | D21: 4 | E21: 7 | F21: 12 | G21: 78 | H21: 1 | I21: 2 | J21: 82 | K21: 107 | L21: 285 | M21: 240 | N21: 264 | O21: 67 | P21: 219 | Q21: 3 | R21: 8 | S21: 4 | T21: 2 | U21: 1 | V21: 8 | W21: 63 | X21: 8 | Y21: 7 | Z21: 0 | AA21: 840 | AH21: hz | AN21: =N21-AY21 -> -3.3538168 | AO21: =O21-AZ21 -> -1.6927553 | AP21: =P21-BA21 -> -2.8940791 | AY21: =10*(BE21-BD21*((L21/10)-(M21/10))*0.00066*(1+(0.00115*(M21/10)))) -> 267.35382 | AZ21: =((AY21/10)*100)/BC21 -> 68.692755 | BA21: =(243.5*LN((AY21/10)/6.112))/(17.67-LN((AY21/10)/6.112))*10 -> 221.89408 | BC21: =6.112*2.718^((17.67*(L21/10))/((L21/10)+243.5)) -> 38.920235 | BD21: 1013.2 | BE21: =6.112*2.718^((17.67*(M21/10))/((M21/10)+243.5)) -> 29.82764
A22: 13 | B22: 17 | C22: 1 | D22: 4 | E22: 7 | F22: 9 | G22: 80 | H22: 2 | K22: 115 | L22: 297 | M22: 250 | N22: 280 | O22: 67 | P22: 229 | Q22: 1 | R22: 2 | S22: 0 | T22: 1 | U22: 1 | V22: 8 | W22: 63 | X22: 8 | AN22: =N22-AY22 -> -4.355855 | AO22: =O22-AZ22 -> -1.1576425 | AP22: =P22-BA22 -> -3.0478522 | AY22: =10*(BE22-BD22*((L22/10)-(M22/10))*0.00066*(1+(0.00115*(M22/10)))) -> 284.35586 | AZ22: =((AY22/10)*100)/BC22 -> 68.157642 | BA22: =(243.5*LN((AY22/10)/6.112))/(17.67-LN((AY22/10)/6.112))*10 -> 232.04785 | BC22: =6.112*2.718^((17.67*(L22/10))/((L22/10)+243.5)) -> 41.720318 | BD22: 1013.2 | BE22: =6.112*2.718^((17.67*(M22/10))/((M22/10)+243.5)) -> 31.668892
A23: 14 | B23: 17 | C23: 6 | D23: 4 | E23: 9 | F23: 12 | G23: 80 | H23: 2 | K23: 111 | L23: 294 | M23: 245 | N23: 268 | O23: 65 | P23: 222 | Q23: 1 | R23: 2 | S23: 0 | T23: 2 | U23: 1 | V23: 8 | W23: 63 | X23: 8 | Y23: 6 | Z23: 0 | AA23: 840 | AN23: =N23-AY23 -> -5.6718833 | AO23: =O23-AZ23 -> -1.7422326 | AP23: =P23-BA23 -> -3.7316448 | AY23: =10*(BE23-BD23*((L23/10)-(M23/10))*0.00066*(1+(0.00115*(M23/10)))) -> 273.67188 | AZ23: =((AY23/10)*100)/BC23 -> 66.742233 | BA23: =(243.5*LN((AY23/10)/6.112))/(17.67-LN((AY23/10)/6.112))*10 -> 225.73164 | BC23: =6.112*2.718^((17.67*(L23/10))/((L23/10)+243.5)) -> 41.004305 | BD23: 1013.2 | BE23: =6.112*2.718^((17.67*(M23/10))/((M23/10)+243.5)) -> 30.736198
A24: 15 | B24: 17 | C24: 3 | D24: 4 | E24: 11 | F24: 12 | G24: 78 | H24: 2 | K24: 105 | L24: 291 | M24: 239 | N24: 255 | O24: 63 | P24: 214 | Q24: 1 | R24: 2 | S24: 0 | T24: 1 | U24: 1 | V24: 8 | W24: 63 | X24: 8 | AN24: =N24-AY24 -> -5.7590137 | AO24: =O24-AZ24 -> -1.7060056 | AP24: =P24-BA24 -> -3.8026845 | AY24: =10*(BE24-BD24*((L24/10)-(M24/10))*0.00066*(1+(0.00115*(M24/10)))) -> 260.75901 | AZ24: =((AY24/10)*100)/BC24 -> 64.706006 | BA24: =(243.5*LN((AY24/10)/6.112))/(17.67-LN((AY24/10)/6.112))*10 -> 217.80268 | BC24: =6.112*2.718^((17.67*(L24/10))/((L24/10)+243.5)) -> 40.299044 | BD24: 1013.2 | BE24: =6.112*2.718^((17.67*(M24/10))/((M24/10)+243.5)) -> 29.648777
A25: 16 | B25: 17 | C25: 6 | D25: 4 | E25: 8 | F25: 12 | G25: 68 | H25: 1 | I25: 15 | J25: 22 | K25: 120 | L25: 293 | M25: 255 | N25: 296 | O25: 73 | P25: 239 | Q25: 4 | R25: 8 | S25: 0 | T25: 2 | U25: 3 | V25: 8 | W25: 54 | X25: 8 | Y25: 5 | Z25: 0 | AA25: 840 | AH25: jp-ene | AN25: =N25-AY25 -> -4.1063863 | AO25: =O25-AZ25 -> -0.61316935 | AP25: =P25-BA25 -> -1.9902447 | AY25: =10*(BE25-BD25*((L25/10)-(M25/10))*0.00066*(1+(0.00115*(M25/10)))) -> 300.10639 | AZ25: =((AY25/10)*100)/BC25 -> 73.613169 | BA25: =(243.5*LN((AY25/10)/6.112))/(17.67-LN((AY25/10)/6.112))*10 -> 240.99024 | BC25: =6.112*2.718^((17.67*(L25/10))/((L25/10)+243.5)) -> 40.76803 | BD25: 1013.2 | BE25: =6.112*2.718^((17.67*(M25/10))/((M25/10)+243.5)) -> 32.626262
A26: 17 | B26: 17 | C26: 8 | D26: 4 | E26: 8 | F26: 5 | G26: 50 | H26: 1 | I26: 60 | J26: 82 | K26: 139 | L26: 240 | M26: 235 | N26: 286 | O26: 96 | P26: 233 | Q26: 8 | R26: 8 | S26: / | T26: / | U26: 4 | V26: 8 | W26: 36 | X26: 8 | Y26: 6 | Z26: 6 | AA26: 105 | AH26: pro @ 16:05-> | AN26: =N26-AY26 -> 0.0070628893 | AO26: =O26-AZ26 -> 0.11814684 | AP26: =P26-BA26 -> 0.0027640451 | AY26: =10*(BE26-BD26*((L26/10)-(M26/10))*0.00066*(1+(0.00115*(M26/10)))) -> 285.99294 | AZ26: =((AY26/10)*100)/BC26 -> 95.881853 | BA26: =(243.5*LN((AY26/10)/6.112))/(17.67-LN((AY26/10)/6.112))*10 -> 232.99724 | BC26: =6.112*2.718^((17.67*(L26/10))/((L26/10)+243.5)) -> 29.82764 | BD26: 1013.2 | BE26: =6.112*2.718^((17.67*(M26/10))/((M26/10)+243.5)) -> 28.942686
A27: 18 | B27: 17 | C27: 7 | D27: 4 | E27: 10 | F27: 10 | G27: 70 | H27: 1 | I27: 6 | J27: 22 | K27: 131 | L27: 283 | M27: 254 | N27: 300 | O27: 78 | P27: 241 | Q27: 7 | R27: 4 | S27: 0 | T27: 2 | U27: 2 | V27: 8 | W27: 54 | X27: 8 | Y27: 7 | Z27: 6 | AA27: 120 | AH27: hz | AN27: =N27-AY27 -> -4.3687688 | AO27: =O27-AZ27 -> -1.1187161 | AP27: =P27-BA27 -> -2.3394761 | AY27: =10*(BE27-BD27*((L27/10)-(M27/10))*0.00066*(1+(0.00115*(M27/10)))) -> 304.36877 | AZ27: =((AY27/10)*100)/BC27 -> 79.118716 | BA27: =(243.5*LN((AY27/10)/6.112))/(17.67-LN((AY27/10)/6.112))*10 -> 243.33948 | BC27: =6.112*2.718^((17.67*(L27/10))/((L27/10)+243.5)) -> 38.469882 | BD27: 1013.2 | BE27: =6.112*2.718^((17.67*(M27/10))/((M27/10)+243.5)) -> 32.432788
A28: 19 | B28: 17 | C28: 6 | D28: 4 | E28: 9 | F28: 17 | G28: 72 | H28: 1 | I28: 15 | J28: 22 | K28: 111 | L28: 287 | M28: 252 | N28: 294 | O28: 74 | P28: 237 | Q28: 6 | R28: 8 | S28: 3 | T28: 1 | U28: 1 | V28: 8 | W28: 54 | X28: 8 | Y28: 5 | Z28: 6 | AA28: 114 | AH28: jp-n hz | AN28: =N28-AY28 -> -2.4052853 | AO28: =O28-AZ28 -> -1.2771769 | AP28: =P28-BA28 -> -1.9265472 | AY28: =10*(BE28-BD28*((L28/10)-(M28/10))*0.00066*(1+(0.00115*(M28/10)))) -> 296.40529 | AZ28: =((AY28/10)*100)/BC28 -> 75.277177 | BA28: =(243.5*LN((AY28/10)/6.112))/(17.67-LN((AY28/10)/6.112))*10 -> 238.92655 | BC28: =6.112*2.718^((17.67*(L28/10))/((L28/10)+243.5)) -> 39.375186 | BD28: 1013.2 | BE28: =6.112*2.718^((17.67*(M28/10))/((M28/10)+243.5)) -> 32.048848
A29: 20 | B29: 17 | C29: 8 | D29: 4 | E29: 12 | F29: 14 | G29: 40 | H29: 1 | I29: 80 | J29: 82 | K29: 107 | L29: 270 | M29: 255 | N29: 315 | O29: 89 | P29: 249 | Q29: 7 | R29: 8 | S29: 7 | T29: / | U29: 7 | V29: 8 | W29: 45 | X29: 8 | Y29: 7 | Z29: 4 | AA29: 240 | AH29: pro @ 16:46-> | AN29: =N29-AY29 -> -0.93779184 | AO29: =O29-AZ29 -> 0.38284878 | AP29: =P29-BA29 -> -0.57360955 | AY29: =10*(BE29-BD29*((L29/10)-(M29/10))*0.00066*(1+(0.00115*(M29/10)))) -> 315.93779 | AZ29: =((AY29/10)*100)/BC29 -> 88.617151 | BA29: =(243.5*LN((AY29/10)/6.112))/(17.67-LN((AY29/10)/6.112))*10 -> 249.57361 | BC29: =6.112*2.718^((17.67*(L29/10))/((L29/10)+243.5)) -> 35.651991 | BD29: 1013.2 | BE29: =6.112*2.718^((17.67*(M29/10))/((M29/10)+243.5)) -> 32.626262
A30: 21 | B30: 17 | C30: 6 | D30: 4 | E30: 11 | F30: 13 | G30: 78 | H30: 2 | K30: 109 | L30: 285 | M30: 255 | N30: 302 | O30: 77 | P30: 242 | Q30: 1 | R30: 8 | S30: 3 | T30: 2 | U30: 1 | V30: 8 | W30: 69 | X30: 8 | Y30: 6 | Z30: 0 | AA30: 840 | AN30: =N30-AY30 -> -3.6129621 | AO30: =O30-AZ30 -> -1.5228978 | AP30: =P30-BA30 -> -2.0197874 | AY30: =10*(BE30-BD30*((L30/10)-(M30/10))*0.00066*(1+(0.00115*(M30/10)))) -> 305.61296 | AZ30: =((AY30/10)*100)/BC30 -> 78.522898 | BA30: =(243.5*LN((AY30/10)/6.112))/(17.67-LN((AY30/10)/6.112))*10 -> 244.01979 | BC30: =6.112*2.718^((17.67*(L30/10))/((L30/10)+243.5)) -> 38.920235 | BD30: 1013.2 | BE30: =6.112*2.718^((17.67*(M30/10))/((M30/10)+243.5)) -> 32.626262
A31: 22 | B31: 17 | C31: 7 | D31: 4 | E31: 7 | F31: 14 | G31: 70 | H31: 1 | I31: 5 | J31: 22 | K31: 115 | L31: 283 | M31: 245 | N31: 278 | O31: 72 | P31: 228 | Q31: 7 | R31: 8 | S31: 3 | T31: 0 | U31: 1 | V31: 8 | W31: 54 | X31: 8 | Y31: 7 | Z31: 6 | AA31: 120 | AH31: hz | AN31: =N31-AY31 -> -3.2349659 | AO31: =O31-AZ31 -> -1.1052319 | AP31: =P31-BA31 -> -2.2246304 | AY31: =10*(BE31-BD31*((L31/10)-(M31/10))*0.00066*(1+(0.00115*(M31/10)))) -> 281.23497 | AZ31: =((AY31/10)*100)/BC31 -> 73.105232 | BA31: =(243.5*LN((AY31/10)/6.112))/(17.67-LN((AY31/10)/6.112))*10 -> 230.22463 | BC31: =6.112*2.718^((17.67*(L31/10))/((L31/10)+243.5)) -> 38.469882 | BD31: 1013.2 | BE31: =6.112*2.718^((17.67*(M31/10))/((M31/10)+243.5)) -> 30.736198
A32: 23 | B32: 17 | C32: 7 | D32: 4 | E32: 0 | F32: 0 | G32: 80 | H32: 2 | K32: 106 | L32: 294 | M32: 255 | N32: 296 | O32: 72 | P32: 238 | Q32: 2 | R32: 8 | S32: 0 | T32: 2 | U32: 2 | V32: 8 | W32: 60 | X32: 8 | Y32: 7 | Z32: 0 | AA32: 870 | AN32: =N32-AY32 -> -3.4180643 | AO32: =O32-AZ32 -> -1.0211298 | AP32: =P32-BA32 -> -2.6081365 | AY32: =10*(BE32-BD32*((L32/10)-(M32/10))*0.00066*(1+(0.00115*(M32/10)))) -> 299.41806 | AZ32: =((AY32/10)*100)/BC32 -> 73.02113 | BA32: =(243.5*LN((AY32/10)/6.112))/(17.67-LN((AY32/10)/6.112))*10 -> 240.60814 | BC32: =6.112*2.718^((17.67*(L32/10))/((L32/10)+243.5)) -> 41.004305 | BD32: 1013.2 | BE32: =6.112*2.718^((17.67*(M32/10))/((M32/10)+243.5)) -> 32.626262
A33: 24 | B33: 17 | C33: 7 | D33: 4 | E33: 0 | F33: 0 | G33: 60 | H33: 1 | I33: 15 | J33: 86 | K33: 103 | L33: 267 | M33: 245 | N33: 290 | O33: 82 | P33: 235 | Q33: 7 | R33: 8 | S33: / | T33: / | U33: 3 | V33: 8 | W33: 51 | X33: 8 | Y33: 7 | Z33: 6 | AA33: 114 | AH33: jp-s | AN33: =N33-AY33 -> -2.2358132 | AO33: =O33-AZ33 -> -1.4293243 | AP33: =P33-BA33 -> -1.574484 | AY33: =10*(BE33-BD33*((L33/10)-(M33/10))*0.00066*(1+(0.00115*(M33/10)))) -> 292.23581 | AZ33: =((AY33/10)*100)/BC33 -> 83.429324 | BA33: =(243.5*LN((AY33/10)/6.112))/(17.67-LN((AY33/10)/6.112))*10 -> 236.57448 | BC33: =6.112*2.718^((17.67*(L33/10))/((L33/10)+243.5)) -> 35.027949 | BD33: 1013.2 | BE33: =6.112*2.718^((17.67*(M33/10))/((M33/10)+243.5)) -> 30.736198
A34: 25 | B34: 17 | C34: 7 | D34: 4 | E34: 8 | F34: 9 | G34: 76 | H34: 2 | K34: 118 | L34: 278 | M34: 237 | N34: 260 | O34: 69 | P34: 217 | Q34: 7 | R34: 8 | S34: 0 | T34: 2 | U34: 2 | V34: 8 | W34: 54 | X34: 8 | Y34: 7 | Z34: 6 | AA34: =45*3 -> 135 | AN34: =N34-AY34 -> -4.7742367 | AO34: =O34-AZ34 -> -1.8637225 | AP34: =P34-BA34 -> -3.304364 | AY34: =10*(BE34-BD34*((L34/10)-(M34/10))*0.00066*(1+(0.00115*(M34/10)))) -> 264.77424 | AZ34: =((AY34/10)*100)/BC34 -> 70.863723 | BA34: =(243.5*LN((AY34/10)/6.112))/(17.67-LN((AY34/10)/6.112))*10 -> 220.30436 | BC34: =6.112*2.718^((17.67*(L34/10))/((L34/10)+243.5)) -> 37.363862 | BD34: 1013.2 | BE34: =6.112*2.718^((17.67*(M34/10))/((M34/10)+243.5)) -> 29.293868
A35: 26 | B35: 17 | C35: 7 | D35: 4 | E35: 9 | F35: 8 | G35: 72 | H35: 1 | I35: 5 | J35: 82 | K35: 120 | L35: 272 | M35: 247 | N35: 292 | O35: 81 | P35: 236 | Q35: 5 | R35: 8 | S35: 6 | T35: 3 | U35: 1 | V35: 8 | W35: 48 | X35: 8 | Y35: 4 | Z35: 6 | AA35: 114 | AH35: tcu-s hz | AN35: =N35-AY35 -> -1.8708207 | AO35: =O35-AZ35 -> -0.46468707 | AP35: =P35-BA35 -> -1.500298 | AY35: =10*(BE35-BD35*((L35/10)-(M35/10))*0.00066*(1+(0.00115*(M35/10)))) -> 293.87082 | AZ35: =((AY35/10)*100)/BC35 -> 81.464687 | BA35: =(243.5*LN((AY35/10)/6.112))/(17.67-LN((AY35/10)/6.112))*10 -> 237.5003 | BC35: =6.112*2.718^((17.67*(L35/10))/((L35/10)+243.5)) -> 36.0734 | BD35: 1013.2 | BE35: =6.112*2.718^((17.67*(M35/10))/((M35/10)+243.5)) -> 31.106349
A36: 27 | B36: 17 | C36: 7 | D36: 4 | E36: 7 | F36: 13 | G36: 59 | H36: 1 | I36: 15 | J36: 82 | K36: 119 | L36: 278 | M36: 252 | N36: 300 | O36: 80 | P36: 241 | Q36: 4 | R36: 8 | S36: 4 | T36: 1 | U36: 2 | V36: 8 | W36: 48 | X36: 8 | Y36: 3 | Z36: 6 | AA36: 105 | AB36: 6 | AC36: 0 | AD36: 840 | AH36: jp-ne hz | AN36: =N36-AY36 -> -2.5981068 | AO36: =O36-AZ36 -> -0.9868382 | AP36: =P36-BA36 -> -1.3670873 | AY36: =10*(BE36-BD36*((L36/10)-(M36/10))*0.00066*(1+(0.00115*(M36/10)))) -> 302.59811 | AZ36: =((AY36/10)*100)/BC36 -> 80.986838 | BA36: =(243.5*LN((AY36/10)/6.112))/(17.67-LN((AY36/10)/6.112))*10 -> 242.36709 | BC36: =6.112*2.718^((17.67*(L36/10))/((L36/10)+243.5)) -> 37.363862 | BD36: 1013.2 | BE36: =6.112*2.718^((17.67*(M36/10))/((M36/10)+243.5)) -> 32.048848
A37: 28 | B37: 17 | C37: 4 | D37: 4 | E37: 8 | F37: 13 | G37: 68 | H37: 1 | I37: 5 | J37: 11 | K37: 129 | L37: 284 | M37: 257 | N37: 307 | O37: 79 | P37: 245 | Q37: 3 | R37: 8 | S37: 4 | T37: 2 | U37: 2 | V37: 8 | W37: 63 | X37: 8 | AH37: hz | AN37: =N37-AY37 -> -4.573583 | AO37: =O37-AZ37 -> -1.5214422 | AP37: =P37-BA37 -> -2.2457365 | AY37: =10*(BE37-BD37*((L37/10)-(M37/10))*0.00066*(1+(0.00115*(M37/10)))) -> 311.57358 | AZ37: =((AY37/10)*100)/BC37 -> 80.521442 | BA37: =(243.5*LN((AY37/10)/6.112))/(17.67-LN((AY37/10)/6.112))*10 -> 247.24574 | BC37: =6.112*2.718^((17.67*(L37/10))/((L37/10)+243.5)) -> 38.694486 | BD37: 1013.2 | BE37: =6.112*2.718^((17.67*(M37/10))/((M37/10)+243.5)) -> 33.016243
A38: 29 | B38: 17 | C38: 6 | D38: 4 | E38: 6 | F38: 14 | G38: 57 | H38: 1 | I38: 25 | J38: 82 | K38: 125 | L38: 255 | M38: 240 | N38: 287 | O38: 88 | P38: 233 | Q38: 6 | R38: 8 | S38: / | T38: / | U38: 3 | V38: 8 | W38: 51 | X38: 8 | Y38: 6 | Z38: 6 | AA38: 105 | AH38: pro ended @ 16:32 jp-ne hz | AN38: =N38-AY38 -> -0.96887038 | AO38: =O38-AZ38 -> -0.26290582 | AP38: =P38-BA38 -> -1.1368077 | AY38: =10*(BE38-BD38*((L38/10)-(M38/10))*0.00066*(1+(0.00115*(M38/10)))) -> 287.96887 | AZ38: =((AY38/10)*100)/BC38 -> 88.262906 | BA38: =(243.5*LN((AY38/10)/6.112))/(17.67-LN((AY38/10)/6.112))*10 -> 234.13681 | BC38: =6.112*2.718^((17.67*(L38/10))/((L38/10)+243.5)) -> 32.626262 | BD38: 1013.2 | BE38: =6.112*2.718^((17.67*(M38/10))/((M38/10)+243.5)) -> 29.82764
A39: 30 | B39: 17 | C39: 7 | D39: 4 | E39: 7 | F39: 13 | G39: 62 | H39: 1 | I39: 25 | J39: 22 | K39: 107 | L39: 270 | M39: 239 | N39: 273 | O39: 76 | P39: 225 | Q39: 7 | R39: 8 | S39: 4 | T39: 0 | U39: 3 | V39: 8 | W39: 45 | X39: 8 | Y39: 7 | Z39: 6 | AA39: 105 | AH39: pro @ 16:11-13 jp-ne | AN39: =N39-AY39 -> -2.1879362 | AO39: =O39-AZ39 -> -1.1872552 | AP39: =P39-BA39 -> -1.6409278 | AY39: =10*(BE39-BD39*((L39/10)-(M39/10))*0.00066*(1+(0.00115*(M39/10)))) -> 275.18794 | AZ39: =((AY39/10)*100)/BC39 -> 77.187255 | BA39: =(243.5*LN((AY39/10)/6.112))/(17.67-LN((AY39/10)/6.112))*10 -> 226.64093 | BC39: =6.112*2.718^((17.67*(L39/10))/((L39/10)+243.5)) -> 35.651991 | BD39: 1013.2 | BE39: =6.112*2.718^((17.67*(M39/10))/((M39/10)+243.5)) -> 29.648777
AY40: =10*(BE40-BD40*((L40/10)-(M40/10))*0.00066*(1+(0.00115*(M40/10)))) -> 61.12 | AZ40: =((AY40/10)*100)/BC40 -> 100 | BA40: =(243.5*LN((AY40/10)/6.112))/(17.67-LN((AY40/10)/6.112))*10 -> 0 | BC40: =6.112*2.718^((17.67*(L40/10))/((L40/10)+243.5)) -> 6.112 | BD40: 1013.2 | BE40: =6.112*2.718^((17.67*(M40/10))/((M40/10)+243.5)) -> 6.112
AH41: Checked by VBA: 10:16:25 AM 3/17/2020
A42: SUM | C42: =SUM(C10:C40) -> 159 | F42: =SUM(F10:F40) -> 342 | K42: =SUM(K10:K40) -> 3400 | L42: =SUM(L10:L40) -> 8441 | M42: =SUM(M10:M40) -> 7471 | N42: =SUM(N10:N40) -> 8687 | O42: =SUM(O10:O40) -> 2281 | P42: =SUM(P10:P40) -> 7038 | Q42: =SUM(Q10:Q40) -> 102
A43: MEANS | C43: =AVERAGE(C10:C40) -> 5.3 | E43: =MODE(E10:E40) -> 8 | F43: =AVERAGE(F10:F40) -> 11.4 | K43: =AVERAGE(K10:K40) -> 113.33333 | L43: =AVERAGE(L10:L40) -> 281.36667 | M43: =AVERAGE(M10:M40) -> 249.03333 | N43: =AVERAGE(N10:N40) -> 289.56667 | O43: =AVERAGE(O10:O40) -> 76.033333 | P43: =AVERAGE(P10:P40) -> 234.6 | Q43: =AVERAGE(Q10:Q40) -> 3.4 | AN43: =AVERAGE(AN10:AN40) -> -3.2522753 | AO43: =AVERAGE(AO10:AO40) -> -1.0117001 | AP43: =AVERAGE(AP10:AP40) -> -2.1427003

Sheet 2000z
E7: WIND | L7: TEMP AND HUMIDITY | Q7: CLOUDS | U7: CLOUDS REPORTED BY 8NsChshs GROUPS | AH7: REMARKS | AN7: S.rule - Formula | AY7: Formula
A8: DAY | B8: HOUR | C8: Total cloud Amt. | D8: Wind indicator | E8: DIRECTION | F8: SPEED | G8: VISIBILITY | H8: Weather Indicator | I8: PRESENT WEATHER | J8: PAST WEATHER | K8: SEA LEVEL PRESSURE | L8: Dry Bulb | M8: Wet Bulb | N8: Vapour Pressure | O8: Relative humidity | P8: Dew Point | Q8: Total amt. Nh | R8: Form of CL | S8: Form of CM | T8: Form of CH | U8: Lowest layer | X8: 3/8 or more | AB8: 5/8 or more | AE8: Cb cloud | AN8: Vapour Pressure | AO8: Relative humidity | AP8: Dew Point | AY8: Vapour Pressure | AZ8: Relative humidity | BA8: Dew Point
U9: Amount | V9: Form | W9: Height | X9: Indicator | Y9: Amount | Z9: Form | AA9: Height | AB9: Amount | AC9: Form | AD9: Height | AE9: Amount | AF9: Form | AG9: Height | BC9: ####### | BD9: ********* | BE9: &&&&&&
A10: 1 | B10: 16 | C10: 2 | D10: 4 | E10: 12 | F10: 15 | G10: 76 | H10: 2 | K10: 120 | L10: 288 | M10: 250 | N10: 286 | O10: 72 | P10: 233 | Q10: 1 | R10: 2 | S10: 0 | T10: 1 | U10: 1 | V10: 8 | W10: 69 | X10: 8 | AN10: =N10-AY10 -> -4.5472922 | AO10: =O10-AZ10 -> -1.3623794 | AP10: =P10-BA10 -> -2.6135943 | AY10: =10*(BE10-BD10*((L10/10)-(M10/10))*0.00066*(1+(0.00115*(M10/10)))) -> 290.54729 | AZ10: =((AY10/10)*100)/BC10 -> 73.362379 | BA10: =(243.5*LN((AY10/10)/6.112))/(17.67-LN((AY10/10)/6.112))*10 -> 235.61359 | BC10: =6.112*2.718^((17.67*(L10/10))/((L10/10)+243.5)) -> 39.604399 | BD10: 1013.2 | BE10: =6.112*2.718^((17.67*(M10/10))/((M10/10)+243.5)) -> 31.668892
A11: 2 | B11: 16 | C11: 2 | D11: 4 | E11: 11 | F11: 13 | G11: 75 | H11: 2 | K11: 118 | L11: 290 | M11: 250 | N11: 285 | O11: 71 | P11: 232 | Q11: 2 | R11: 8 | S11: 0 | T11: 0 | U11: 2 | V11: 8 | W11: 63 | X11: 8 | AN11: =N11-AY11 -> -4.1714173 | AO11: =O11-AZ11 -> -1.1731869 | AP11: =P11-BA11 -> -2.8269994 | AY11: =10*(BE11-BD11*((L11/10)-(M11/10))*0.00066*(1+(0.00115*(M11/10)))) -> 289.17142 | AZ11: =((AY11/10)*100)/BC11 -> 72.173187 | BA11: =(243.5*LN((AY11/10)/6.112))/(17.67-LN((AY11/10)/6.112))*10 -> 234.827 | BC11: =6.112*2.718^((17.67*(L11/10))/((L11/10)+243.5)) -> 40.066322 | BD11: 1013.2 | BE11: =6.112*2.718^((17.67*(M11/10))/((M11/10)+243.5)) -> 31.668892
A12: 3 | B12: 16 | C12: 2 | D12: 4 | E12: 12 | F12: 12 | G12: 75 | H12: 2 | K12: 118 | L12: 288 | M12: 250 | N12: 286 | O12: 72 | P12: 233 | Q12: 1 | R12: 2 | S12: 0 | T12: 1 | U12: 1 | V12: 8 | W12: 66 | X12: 8 | AN12: =N12-AY12 -> -4.5472922 | AO12: =O12-AZ12 -> -1.3623794 | AP12: =P12-BA12 -> -2.6135943 | AY12: =10*(BE12-BD12*((L12/10)-(M12/10))*0.00066*(1+(0.00115*(M12/10)))) -> 290.54729 | AZ12: =((AY12/10)*100)/BC12 -> 73.362379 | BA12: =(243.5*LN((AY12/10)/6.112))/(17.67-LN((AY12/10)/6.112))*10 -> 235.61359 | BC12: =6.112*2.718^((17.67*(L12/10))/((L12/10)+243.5)) -> 39.604399 | BD12: 1013.2 | BE12: =6.112*2.718^((17.67*(M12/10))/((M12/10)+243.5)) -> 31.668892
A13: 4 | B13: 16 | C13: 1 | D13: 4 | E13: 10 | F13: 15 | G13: 80 | H13: 2 | K13: 122 | L13: 290 | M13: 255 | N13: 299 | O13: 74 | P13: 240 | Q13: 1 | R13: 2 | S13: 0 | T13: 2 | U13: 1 | V13: 8 | W13: 69 | X13: 8 | AN13: =N13-AY13 -> -3.1713523 | AO13: =O13-AZ13 -> -1.4177909 | AP13: =P13-BA13 -> -2.1319831 | AY13: =10*(BE13-BD13*((L13/10)-(M13/10))*0.00066*(1+(0.00115*(M13/10)))) -> 302.17135 | AZ13: =((AY13/10)*100)/BC13 -> 75.417791 | BA13: =(243.5*LN((AY13/10)/6.112))/(17.67-LN((AY13/10)/6.112))*10 -> 242.13198 | BC13: =6.112*2.718^((17.67*(L13/10))/((L13/10)+243.5)) -> 40.066322 | BD13: 1013.2 | BE13: =6.112*2.718^((17.67*(M13/10))/((M13/10)+243.5)) -> 32.626262
A14: 5 | B14: 16 | C14: 7 | D14: 4 | E14: 9 | F14: 12 | G14: 80 | H14: 2 | K14: 120 | L14: 291 | M14: 256 | N14: 300 | O14: 75 | P14: 241 | Q14: 1 | R14: 2 | S14: 0 | T14: 1 | U14: 1 | V14: 8 | W14: 75 | X14: 8 | Y14: 6 | Z14: 0 | AA14: 840 | AN14: =N14-AY14 -> -4.1134969 | AO14: =O14-AZ14 -> -0.46419726 | AP14: =P14-BA14 -> -2.1995953 | AY14: =10*(BE14-BD14*((L14/10)-(M14/10))*0.00066*(1+(0.00115*(M14/10)))) -> 304.1135 | AZ14: =((AY14/10)*100)/BC14 -> 75.464197 | BA14: =(243.5*LN((AY14/10)/6.112))/(17.67-LN((AY14/10)/6.112))*10 -> 243.1996 | BC14: =6.112*2.718^((17.67*(L14/10))/((L14/10)+243.5)) -> 40.299044 | BD14: 1013.2 | BE14: =6.112*2.718^((17.67*(M14/10))/((M14/10)+243.5)) -> 32.820746
A15: 6 | B15: 16 | C15: 2 | D15: 4 | E15: 10 | F15: 15 | G15: 80 | H15: 2 | K15: 118 | L15: 295 | M15: 254 | N15: 291 | O15: 71 | P15: 236 | Q15: 1 | R15: 1 | S15: 0 | T15: 1 | U15: 1 | V15: 8 | W15: 69 | X15: 8 | AN15: =N15-AY15 -> -5.1098279 | AO15: =O15-AZ15 -> -0.79851811 | AP15: =P15-BA15 -> -2.7608321 | AY15: =10*(BE15-BD15*((L15/10)-(M15/10))*0.00066*(1+(0.00115*(M15/10)))) -> 296.10983 | AZ15: =((AY15/10)*100)/BC15 -> 71.798518 | BA15: =(243.5*LN((AY15/10)/6.112))/(17.67-LN((AY15/10)/6.112))*10 -> 238.76083 | BC15: =6.112*2.718^((17.67*(L15/10))/((L15/10)+243.5)) -> 41.241774 | BD15: 1013.2 | BE15: =6.112*2.718^((17.67*(M15/10))/((M15/10)+243.5)) -> 32.432788
A16: 7 | B16: 16 | C16: 6 | D16: 4 | E16: 11 | F16: 17 | G16: 75 | H16: 2 | K16: 107 | L16: 284 | M16: 250 | N16: 290 | O16: 75 | P16: 235 | Q16: 1 | R16: 2 | S16: 0 | T16: 8 | U16: 1 | V16: 8 | W16: 69 | X16: 8 | Y16: 6 | Z16: 2 | AA16: 840 | AN16: =N16-AY16 -> -3.2990421 | AO16: =O16-AZ16 -> -0.79866574 | AP16: =P16-BA16 -> -2.1770456 | AY16: =10*(BE16-BD16*((L16/10)-(M16/10))*0.00066*(1+(0.00115*(M16/10)))) -> 293.29904 | AZ16: =((AY16/10)*100)/BC16 -> 75.798666 | BA16: =(243.5*LN((AY16/10)/6.112))/(17.67-LN((AY16/10)/6.112))*10 -> 237.17705 | BC16: =6.112*2.718^((17.67*(L16/10))/((L16/10)+243.5)) -> 38.694486 | BD16: 1013.2 | BE16: =6.112*2.718^((17.67*(M16/10))/((M16/10)+243.5)) -> 31.668892
A17: 8 | B17: 16 | C17: 1 | D17: 4 | E17: 10 | F17: 15 | G17: 75 | H17: 2 | K17: 108 | L17: 290 | M17: 248 | N17: 280 | O17: 70 | P17: 229 | Q17: 1 | R17: 2 | S17: 0 | T17: 0 | U17: 1 | V17: 8 | W17: 72 | X17: 8 | AN17: =N17-AY17 -> -4.0419201 | AO17: =O17-AZ17 -> -0.89293534 | AP17: =P17-BA17 -> -2.8652468 | AY17: =10*(BE17-BD17*((L17/10)-(M17/10))*0.00066*(1+(0.00115*(M17/10)))) -> 284.04192 | AZ17: =((AY17/10)*100)/BC17 -> 70.892935 | BA17: =(243.5*LN((AY17/10)/6.112))/(17.67-LN((AY17/10)/6.112))*10 -> 231.86525 | BC17: =6.112*2.718^((17.67*(L17/10))/((L17/10)+243.5)) -> 40.066322 | BD17: 1013.2 | BE17: =6.112*2.718^((17.67*(M17/10))/((M17/10)+243.5)) -> 31.292883
A18: 9 | B18: 16 | C18: 6 | D18: 4 | E18: 9 | F18: 16 | G18: 76 | H18: 2 | K18: 106 | L18: 289 | M18: 251 | N18: 288 | O18: 72 | P18: 234 | Q18: 1 | R18: 2 | S18: 0 | T18: 1 | U18: 1 | V18: 8 | W18: 66 | X18: 8 | Y18: 6 | Z18: 0 | AA18: 900 | AN18: =N18-AY18 -> -4.4391948 | AO18: =O18-AZ18 -> -1.413039 | AP18: =P18-BA18 -> -2.6898944 | AY18: =10*(BE18-BD18*((L18/10)-(M18/10))*0.00066*(1+(0.00115*(M18/10)))) -> 292.43919 | AZ18: =((AY18/10)*100)/BC18 -> 73.413039 | BA18: =(243.5*LN((AY18/10)/6.112))/(17.67-LN((AY18/10)/6.112))*10 -> 236.68989 | BC18: =6.112*2.718^((17.67*(L18/10))/((L18/10)+243.5)) -> 39.834776 | BD18: 1013.2 | BE18: =6.112*2.718^((17.67*(M18/10))/((M18/10)+243.5)) -> 31.858374
A19: 10 | B19: 16 | C19: 6 | D19: 4 | E19: 11 | F19: 16 | G19: 74 | H19: 1 | I19: 5 | J19: 22 | K19: 89 | L19: 294 | M19: 260 | N19: 310 | O19: 76 | P19: 246 | Q19: 3 | R19: 2 | S19: 0 | T19: 1 | U19: 3 | V19: 8 | W19: 60 | X19: 8 | Y19: 5 | Z19: 0 | AA19: 900 | AH19: hz | AN19: =N19-AY19 -> -2.672582 | AO19: =O19-AZ19 -> -0.25359958 | AP19: =P19-BA19 -> -1.8346192 | AY19: =10*(BE19-BD19*((L19/10)-(M19/10))*0.00066*(1+(0.00115*(M19/10)))) -> 312.67258 | AZ19: =((AY19/10)*100)/BC19 -> 76.2536 | BA19: =(243.5*LN((AY19/10)/6.112))/(17.67-LN((AY19/10)/6.112))*10 -> 247.83462 | BC19: =6.112*2.718^((17.67*(L19/10))/((L19/10)+243.5)) -> 41.004305 | BD19: 1013.2 | BE19: =6.112*2.718^((17.67*(M19/10))/((M19/10)+243.5)) -> 33.60886
A20: 11 | B20: 16 | C20: 7 | D20: 4 | E20: 11 | F20: 11 | G20: 70 | H20: 1 | I20: 5 | J20: 22 | K20: 90 | L20: 283 | M20: 250 | N20: 290 | O20: 75 | P20: 235 | Q20: 6 | R20: 4 | S20: 0 | T20: 2 | U20: 6 | V20: 8 | W20: 57 | X20: 8 | Y20: 6 | Z20: 0 | AA20: 840 | AH20: hz | AN20: =N20-AY20 -> -3.9869796 | AO20: =O20-AZ20 -> -1.4200364 | AP20: =P20-BA20 -> -2.5659006 | AY20: =10*(BE20-BD20*((L20/10)-(M20/10))*0.00066*(1+(0.00115*(M20/10)))) -> 293.98698 | AZ20: =((AY20/10)*100)/BC20 -> 76.420036 | BA20: =(243.5*LN((AY20/10)/6.112))/(17.67-LN((AY20/10)/6.112))*10 -> 237.5659 | BC20: =6.112*2.718^((17.67*(L20/10))/((L20/10)+243.5)) -> 38.469882 | BD20: 1013.2 | BE20: =6.112*2.718^((17.67*(M20/10))/((M20/10)+243.5)) -> 31.668892
A21: 12 | B21: 16 | C21: 7 | D21: 4 | E21: 6 | F21: 9 | G21: 70 | H21: 1 | I21: 80 | J21: 22 | K21: 106 | L21: 280 | M21: 237 | N21: 260 | O21: 69 | P21: 217 | Q21: 6 | R21: 8 | S21: 4 | T21: 2 | U21: 4 | V21: 8 | W21: 60 | X21: 8 | Y21: 4 | Z21: 6 | AA21: =45*3 -> 135 | AH21: pro @ 15:50-52 | AN21: =N21-AY21 -> -3.4003612 | AO21: =O21-AZ21 -> -0.67730855 | AP21: =P21-BA21 -> -2.4521384 | AY21: =10*(BE21-BD21*((L21/10)-(M21/10))*0.00066*(1+(0.00115*(M21/10)))) -> 263.40036 | AZ21: =((AY21/10)*100)/BC21 -> 69.677309 | BA21: =(243.5*LN((AY21/10)/6.112))/(17.67-LN((AY21/10)/6.112))*10 -> 219.45214 | BC21: =6.112*2.718^((17.67*(L21/10))/((L21/10)+243.5)) -> 37.80289 | BD21: 1013.2 | BE21: =6.112*2.718^((17.67*(M21/10))/((M21/10)+243.5)) -> 29.293868
A22: 13 | B22: 16 | C22: 4 | D22: 4 | E22: 10 | F22: 13 | G22: 80 | H22: 2 | K22: 115 | L22: 297 | M22: 248 | N22: 275 | O22: 66 | P22: 226 | Q22: 1 | R22: 8 | S22: 6 | T22: 1 | U22: 1 | V22: 8 | W22: 63 | X22: 8 | AN22: =N22-AY22 -> -4.2274344 | AO22: =O22-AZ22 -> -0.92840436 | AP22: =P22-BA22 -> -3.0424407 | AY22: =10*(BE22-BD22*((L22/10)-(M22/10))*0.00066*(1+(0.00115*(M22/10)))) -> 279.22743 | AZ22: =((AY22/10)*100)/BC22 -> 66.928404 | BA22: =(243.5*LN((AY22/10)/6.112))/(17.67-LN((AY22/10)/6.112))*10 -> 229.04244 | BC22: =6.112*2.718^((17.67*(L22/10))/((L22/10)+243.5)) -> 41.720318 | BD22: 1013.2 | BE22: =6.112*2.718^((17.67*(M22/10))/((M22/10)+243.5)) -> 31.292883
A23: 14 | B23: 16 | C23: 5 | D23: 4 | E23: 11 | F23: 12 | G23: 80 | H23: 2 | K23: 108 | L23: 294 | M23: 245 | N23: 268 | O23: 65 | P23: 222 | Q23: 1 | R23: 2 | S23: 0 | T23: 2 | U23: 1 | V23: 8 | W23: 66 | X23: 8 | Y23: 5 | Z23: 0 | AA23: 840 | AN23: =N23-AY23 -> -5.6718833 | AO23: =O23-AZ23 -> -1.7422326 | AP23: =P23-BA23 -> -3.7316448 | AY23: =10*(BE23-BD23*((L23/10)-(M23/10))*0.00066*(1+(0.00115*(M23/10)))) -> 273.67188 | AZ23: =((AY23/10)*100)/BC23 -> 66.742233 | BA23: =(243.5*LN((AY23/10)/6.112))/(17.67-LN((AY23/10)/6.112))*10 -> 225.73164 | BC23: =6.112*2.718^((17.67*(L23/10))/((L23/10)+243.5)) -> 41.004305 | BD23: 1013.2 | BE23: =6.112*2.718^((17.67*(M23/10))/((M23/10)+243.5)) -> 30.736198
A24: 15 | B24: 16 | C24: 3 | D24: 4 | E24: 11 | F24: 12 | G24: 78 | H24: 2 | K24: 106 | L24: 301 | M24: 244 | N24: 261 | O24: 61 | P24: 218 | Q24: 1 | R24: 2 | S24: 0 | T24: 1 | U24: 1 | V24: 8 | W24: 63 | X24: 8 | AN24: =N24-AY24 -> -5.3395897 | AO24: =O24-AZ24 -> -1.3863445 | AP24: =P24-BA24 -> -3.270653 | AY24: =10*(BE24-BD24*((L24/10)-(M24/10))*0.00066*(1+(0.00115*(M24/10)))) -> 266.33959 | AZ24: =((AY24/10)*100)/BC24 -> 62.386345 | BA24: =(243.5*LN((AY24/10)/6.112))/(17.67-LN((AY24/10)/6.112))*10 -> 221.27065 | BC24: =6.112*2.718^((17.67*(L24/10))/((L24/10)+243.5)) -> 42.691969 | BD24: 1013.2 | BE24: =6.112*2.718^((17.67*(M24/10))/((M24/10)+243.5)) -> 30.552573
A25: 16 | B25: 16 | C25: 7 | D25: 4 | E25: 3 | F25: 13 | G25: 68 | H25: 1 | I25: 15 | J25: 22 | K25: 118 | L25: 293 | M25: 258 | N25: 304 | O25: 74 | P25: 243 | Q25: 3 | R25: 9 | S25: 0 | T25: 2 | U25: 1 | V25: 9 | W25: 54 | X25: 8 | Y25: 7 | Z25: 0 | AA25: 840 | AH25: tcu-ne,e cb-s, jp-ne | AN25: =N25-AY25 -> -4.0282365 | AO25: =O25-AZ25 -> -1.5563219 | AP25: =P25-BA25 -> -2.3335396 | AY25: =10*(BE25-BD25*((L25/10)-(M25/10))*0.00066*(1+(0.00115*(M25/10)))) -> 308.02824 | AZ25: =((AY25/10)*100)/BC25 -> 75.556322 | BA25: =(243.5*LN((AY25/10)/6.112))/(17.67-LN((AY25/10)/6.112))*10 -> 245.33354 | BC25: =6.112*2.718^((17.67*(L25/10))/((L25/10)+243.5)) -> 40.76803 | BD25: 1013.2 | BE25: =6.112*2.718^((17.67*(M25/10))/((M25/10)+243.5)) -> 33.212758
A26: 17 | B26: 16 | C26: 8 | D26: 4 | E26: 15 | F26: 10 | G26: 56 | H26: 1 | I26: 81 | J26: 82 | K26: 144 | L26: 241 | M26: 240 | N26: 296 | O26: 99 | P26: 239 | Q26: 8 | R26: 8 | S26: / | T26: / | U26: 7 | V26: 8 | W26: =8*3 -> 24 | X26: 8 | Y26: 5 | Z26: 6 | AA26: 105 | AH26: pro cont | AN26: =N26-AY26 -> -1.5892287 | AO26: =O26-AZ26 -> -0.17179467 | AP26: =P26-BA26 -> -0.5891452 | AY26: =10*(BE26-BD26*((L26/10)-(M26/10))*0.00066*(1+(0.00115*(M26/10)))) -> 297.58923 | AZ26: =((AY26/10)*100)/BC26 -> 99.171795 | BA26: =(243.5*LN((AY26/10)/6.112))/(17.67-LN((AY26/10)/6.112))*10 -> 239.58915 | BC26: =6.112*2.718^((17.67*(L26/10))/((L26/10)+243.5)) -> 30.007446 | BD26: 1013.2 | BE26: =6.112*2.718^((17.67*(M26/10))/((M26/10)+243.5)) -> 29.82764
A27: 18 | B27: 16 | C27: 7 | D27: 4 | E27: 9 | F27: 14 | G27: 70 | H27: 1 | I27: 6 | J27: 22 | K27: 130 | L27: 293 | M27: 255 | N27: 297 | O27: 73 | P27: 239 | Q27: 6 | R27: 4 | S27: 6 | T27: 2 | U27: 1 | V27: 8 | W27: 57 | X27: 8 | Y27: 6 | Z27: 6 | AA27: 120 | AH27: hz | AN27: =N27-AY27 -> -3.1063863 | AO27: =O27-AZ27 -> -0.61316935 | AP27: =P27-BA27 -> -1.9902447 | AY27: =10*(BE27-BD27*((L27/10)-(M27/10))*0.00066*(1+(0.00115*(M27/10)))) -> 300.10639 | AZ27: =((AY27/10)*100)/BC27 -> 73.613169 | BA27: =(243.5*LN((AY27/10)/6.112))/(17.67-LN((AY27/10)/6.112))*10 -> 240.99024 | BC27: =6.112*2.718^((17.67*(L27/10))/((L27/10)+243.5)) -> 40.76803 | BD27: 1013.2 | BE27: =6.112*2.718^((17.67*(M27/10))/((M27/10)+243.5)) -> 32.626262
A28: 19 | B28: 16 | C28: 5 | D28: 4 | E28: 8 | F28: 15 | G28: 68 | H28: 1 | I28: 15 | J28: 22 | K28: 109 | L28: 288 | M28: 252 | N28: 292 | O28: 74 | P28: 236 | Q28: 4 | R28: 8 | S28: 0 | T28: 1 | U28: 3 | V28: 8 | W28: 54 | X28: 8 | AH28: hz jp-ne | AN28: =N28-AY28 -> -3.717194 | AO28: =O28-AZ28 -> -0.66776514 | AP28: =P28-BA28 -> -2.5403889 | AY28: =10*(BE28-BD28*((L28/10)-(M28/10))*0.00066*(1+(0.00115*(M28/10)))) -> 295.71719 | AZ28: =((AY28/10)*100)/BC28 -> 74.667765 | BA28: =(243.5*LN((AY28/10)/6.112))/(17.67-LN((AY28/10)/6.112))*10 -> 238.54039 | BC28: =6.112*2.718^((17.67*(L28/10))/((L28/10)+243.5)) -> 39.604399 | BD28: 1013.2 | BE28: =6.112*2.718^((17.67*(M28/10))/((M28/10)+243.5)) -> 32.048848
A29: 20 | B29: 16 | C29: 8 | D29: 4 | E29: 9 | F29: 13 | G29: 40 | H29: 1 | I29: 80 | J29: 22 | K29: 106 | L29: 280 | M29: 246 | N29: 284 | O29: 75 | P29: 231 | Q29: 6 | R29: 8 | S29: 7 | T29: / | U29: 6 | V29: 8 | W29: 48 | X29: 8 | Y29: 7 | Z29: 4 | AA29: 240 | AH29: pro @ 15:50-58 hz | AN29: =N29-AY29 -> -1.8284703 | AO29: =O29-AZ29 -> -0.61021717 | AP29: =P29-BA29 -> -1.9020731 | AY29: =10*(BE29-BD29*((L29/10)-(M29/10))*0.00066*(1+(0.00115*(M29/10)))) -> 285.82847 | AZ29: =((AY29/10)*100)/BC29 -> 75.610217 | BA29: =(243.5*LN((AY29/10)/6.112))/(17.67-LN((AY29/10)/6.112))*10 -> 232.90207 | BC29: =6.112*2.718^((17.67*(L29/10))/((L29/10)+243.5)) -> 37.80289 | BD29: 1013.2 | BE29: =6.112*2.718^((17.67*(M29/10))/((M29/10)+243.5)) -> 30.920789
A30: 21 | B30: 16 | C30: 4 | D30: 4 | E30: 10 | F30: 13 | G30: 78 | H30: 2 | K30: 109 | L30: 290 | M30: 255 | N30: 299 | O30: 74 | P30: 240 | Q30: 1 | R30: 8 | S30: 0 | T30: 2 | U30: 1 | V30: 8 | W30: 69 | X30: 8 | Y30: 3 | Z30: 0 | AA30: 840 | AN30: =N30-AY30 -> -3.1713523 | AO30: =O30-AZ30 -> -1.4177909 | AP30: =P30-BA30 -> -2.1319831 | AY30: =10*(BE30-BD30*((L30/10)-(M30/10))*0.00066*(1+(0.00115*(M30/10)))) -> 302.17135 | AZ30: =((AY30/10)*100)/BC30 -> 75.417791 | BA30: =(243.5*LN((AY30/10)/6.112))/(17.67-LN((AY30/10)/6.112))*10 -> 242.13198 | BC30: =6.112*2.718^((17.67*(L30/10))/((L30/10)+243.5)) -> 40.066322 | BD30: 1013.2 | BE30: =6.112*2.718^((17.67*(M30/10))/((M30/10)+243.5)) -> 32.626262
A31: 22 | B31: 16 | C31: 6 | D31: 4 | E31: 7 | F31: 16 | G31: 70 | H31: 1 | I31: 5 | J31: 22 | K31: 113 | L31: 293 | M31: 251 | N31: 286 | O31: 70 | P31: 233 | Q31: 5 | R31: 8 | S31: 3 | T31: 0 | U31: 1 | V31: 8 | W31: 54 | X31: 8 | Y31: 4 | Z31: 6 | AA31: 120 | AH31: hz | AN31: =N31-AY31 -> -3.6871373 | AO31: =O31-AZ31 -> -1.0574292 | AP31: =P31-BA31 -> -2.1222225 | AY31: =10*(BE31-BD31*((L31/10)-(M31/10))*0.00066*(1+(0.00115*(M31/10)))) -> 289.68714 | AZ31: =((AY31/10)*100)/BC31 -> 71.057429 | BA31: =(243.5*LN((AY31/10)/6.112))/(17.67-LN((AY31/10)/6.112))*10 -> 235.12222 | BC31: =6.112*2.718^((17.67*(L31/10))/((L31/10)+243.5)) -> 40.76803 | BD31: 1013.2 | BE31: =6.112*2.718^((17.67*(M31/10))/((M31/10)+243.5)) -> 31.858374
A32: 23 | B32: 16 | C32: 7 | D32: 4 | E32: 0 | F32: 0 | G32: 80 | H32: 2 | K32: 105 | L32: 294 | M32: 252 | N32: 286 | O32: 70 | P32: 233 | Q32: 2 | R32: 8 | S32: 0 | T32: 2 | U32: 2 | V32: 8 | W32: 66 | X32: 8 | Y32: 7 | Z32: 0 | AA32: 870 | AN32: =N32-AY32 -> -5.5886464 | AO32: =O32-AZ32 -> -1.1117161 | AP32: =P32-BA32 -> -3.2067757 | AY32: =10*(BE32-BD32*((L32/10)-(M32/10))*0.00066*(1+(0.00115*(M32/10)))) -> 291.58865 | AZ32: =((AY32/10)*100)/BC32 -> 71.111716 | BA32: =(243.5*LN((AY32/10)/6.112))/(17.67-LN((AY32/10)/6.112))*10 -> 236.20678 | BC32: =6.112*2.718^((17.67*(L32/10))/((L32/10)+243.5)) -> 41.004305 | BD32: 1013.2 | BE32: =6.112*2.718^((17.67*(M32/10))/((M32/10)+243.5)) -> 32.048848
A33: 24 | B33: 16 | C33: 7 | D33: 4 | E33: 0 | F33: 0 | G33: 70 | H33: 1 | I33: 6 | J33: 62 | K33: 102 | L33: 265 | M33: 242 | N33: 285 | O33: 82 | P33: 232 | Q33: 7 | R33: 8 | S33: / | T33: / | U33: 2 | V33: 8 | W33: 57 | X33: 8 | Y33: 7 | Z33: 6 | AA33: 114 | AH33: ro change to roro @ 15:05->ended @ 27 | AN33: =N33-AY33 -> -1.0735973 | AO33: =O33-AZ33 -> -0.63903864 | AP33: =P33-BA33 -> -1.0438896 | AY33: =10*(BE33-BD33*((L33/10)-(M33/10))*0.00066*(1+(0.00115*(M33/10)))) -> 286.0736 | AZ33: =((AY33/10)*100)/BC33 -> 82.639039 | BA33: =(243.5*LN((AY33/10)/6.112))/(17.67-LN((AY33/10)/6.112))*10 -> 233.04389 | BC33: =6.112*2.718^((17.67*(L33/10))/((L33/10)+243.5)) -> 34.617247 | BD33: 1013.2 | BE33: =6.112*2.718^((17.67*(M33/10))/((M33/10)+243.5)) -> 30.188201
A34: 25 | B34: 16 | C34: 7 | D34: 4 | E34: 9 | F34: 7 | G34: 76 | H34: 2 | K34: 120 | L34: 284 | M34: 239 | N34: 261 | O34: 68 | P34: 218 | Q34: 7 | R34: 9 | S34: 0 | T34: 2 | U34: 1 | V34: 8 | W34: 60 | X34: 8 | Y34: 7 | Z34: 6 | AA34: =45*3 -> 135 | AE34: 1 | AF34: 9 | AG34: // | AH34: cb-s | AN34: =N34-AY34 -> -4.5686545 | AO34: =O34-AZ34 -> -0.63216984 | AP34: =P34-BA34 -> -2.7953803 | AY34: =10*(BE34-BD34*((L34/10)-(M34/10))*0.00066*(1+(0.00115*(M34/10)))) -> 265.56865 | AZ34: =((AY34/10)*100)/BC34 -> 68.63217 | BA34: =(243.5*LN((AY34/10)/6.112))/(17.67-LN((AY34/10)/6.112))*10 -> 220.79538 | BC34: =6.112*2.718^((17.67*(L34/10))/((L34/10)+243.5)) -> 38.694486 | BD34: 1013.2 | BE34: =6.112*2.718^((17.67*(M34/10))/((M34/10)+243.5)) -> 29.648777
A35: 26 | B35: 16 | C35: 7 | D35: 4 | E35: 8 | F35: 11 | G35: 62 | H35: 1 | I35: 5 | J35: 22 | K35: 123 | L35: 272 | M35: 250 | N35: 299 | O35: 83 | P35: 240 | Q35: 7 | R35: 9 | S35: 4 | T35: 3 | U35: 1 | V35: 9 | W35: 30 | X35: 8 | Y35: 3 | Z35: 8 | AA35: =14*3 -> 42 | AB35: 5 | AC35: 6 | AD35: =36*3 -> 108 | AH35: cb-s hz | AN35: =N35-AY35 -> -2.5542918 | AO35: =O35-AZ35 -> -0.59464187 | AP35: =P35-BA35 -> -1.7915223 | AY35: =10*(BE35-BD35*((L35/10)-(M35/10))*0.00066*(1+(0.00115*(M35/10)))) -> 301.55429 | AZ35: =((AY35/10)*100)/BC35 -> 83.594642 | BA35: =(243.5*LN((AY35/10)/6.112))/(17.67-LN((AY35/10)/6.112))*10 -> 241.79152 | BC35: =6.112*2.718^((17.67*(L35/10))/((L35/10)+243.5)) -> 36.0734 | BD35: 1013.2 | BE35: =6.112*2.718^((17.67*(M35/10))/((M35/10)+243.5)) -> 31.668892
A36: 27 | B36: 16 | C36: 7 | D36: 4 | E36: 8 | F36: 16 | G36: 68 | H36: 1 | I36: 80 | J36: 82 | K36: 114 | L36: 282 | M36: 255 | N36: 306 | O36: 80 | P36: 244 | Q36: 2 | R36: 8 | S36: 4 | T36: 1 | U36: 2 | V36: 8 | W36: 54 | X36: 8 | Y36: 7 | Z36: 0 | AA36: 840 | AH36: pro @ 15:01-04,52-53 hz | AN36: =N36-AY36 -> -1.6779281 | AO36: =O36-AZ36 -> -0.44620744 | AP36: =P36-BA36 -> -1.1435549 | AY36: =10*(BE36-BD36*((L36/10)-(M36/10))*0.00066*(1+(0.00115*(M36/10)))) -> 307.67793 | AZ36: =((AY36/10)*100)/BC36 -> 80.446207 | BA36: =(243.5*LN((AY36/10)/6.112))/(17.67-LN((AY36/10)/6.112))*10 -> 245.14355 | BC36: =6.112*2.718^((17.67*(L36/10))/((L36/10)+243.5)) -> 38.246418 | BD36: 1013.2 | BE36: =6.112*2.718^((17.67*(M36/10))/((M36/10)+243.5)) -> 32.626262
A37: 28 | B37: 16 | C37: 6 | D37: 4 | E37: 8 | F37: 15 | G37: 68 | H37: 1 | I37: 5 | J37: 22 | K37: 129 | L37: 286 | M37: 261 | N37: 319 | O37: 81 | P37: 251 | Q37: 3 | R37: 8 | S37: 3 | T37: 2 | U37: 2 | V37: 8 | W37: 63 | X37: 8 | Y37: 3 | Z37: 0 | AA37: 780 | AH37: hz | AN37: =N37-AY37 -> -1.8649787 | AO37: =O37-AZ37 -> -0.96385085 | AP37: =P37-BA37 -> -1.1681916 | AY37: =10*(BE37-BD37*((L37/10)-(M37/10))*0.00066*(1+(0.00115*(M37/10)))) -> 320.86498 | AZ37: =((AY37/10)*100)/BC37 -> 81.963851 | BA37: =(243.5*LN((AY37/10)/6.112))/(17.67-LN((AY37/10)/6.112))*10 -> 252.16819 | BC37: =6.112*2.718^((17.67*(L37/10))/((L37/10)+243.5)) -> 39.147133 | BD37: 1013.2 | BE37: =6.112*2.718^((17.67*(M37/10))/((M37/10)+243.5)) -> 33.808456
A38: 29 | B38: 16 | C38: 7 | D38: 4 | E38: 7 | F38: 16 | G38: 56 | H38: 1 | I38: 80 | J38: 22 | K38: 126 | L38: 260 | M38: 249 | N38: 305 | O38: 91 | P38: 244 | Q38: 7 | R38: 8 | S38: / | T38: / | U38: 5 | V38: 8 | W38: 51 | X38: 8 | Y38: 6 | Z38: 6 | AA38: 105 | AH38: pro @ 15:40-> cont hz | AN38: =N38-AY38 -> -2.2374954 | AO38: =O38-AZ38 -> -0.41562464 | AP38: =P38-BA38 -> -0.90442383 | AY38: =10*(BE38-BD38*((L38/10)-(M38/10))*0.00066*(1+(0.00115*(M38/10)))) -> 307.2375 | AZ38: =((AY38/10)*100)/BC38 -> 91.415625 | BA38: =(243.5*LN((AY38/10)/6.112))/(17.67-LN((AY38/10)/6.112))*10 -> 244.90442 | BC38: =6.112*2.718^((17.67*(L38/10))/((L38/10)+243.5)) -> 33.60886 | BD38: 1013.2 | BE38: =6.112*2.718^((17.67*(M38/10))/((M38/10)+243.5)) -> 31.480396
A39: 30 | B39: 16 | C39: 7 | D39: 4 | E39: 10 | F39: 13 | G39: 68 | H39: 1 | I39: 15 | J39: 22 | K39: 108 | L39: 275 | M39: 245 | N39: 284 | O39: 77 | P39: 231 | Q39: 7 | R39: 8 | S39: / | T39: / | U39: 4 | V39: 8 | W39: 51 | X39: 8 | Y39: 7 | Z39: 6 | AA39: 105 | AH39: jp-n | AN39: =N39-AY39 -> -2.7353895 | AO39: =O39-AZ39 -> -1.1004312 | AP39: =P39-BA39 -> -2.426234 | AY39: =10*(BE39-BD39*((L39/10)-(M39/10))*0.00066*(1+(0.00115*(M39/10)))) -> 286.73539 | AZ39: =((AY39/10)*100)/BC39 -> 78.100431 | BA39: =(243.5*LN((AY39/10)/6.112))/(17.67-LN((AY39/10)/6.112))*10 -> 233.42623 | BC39: =6.112*2.718^((17.67*(L39/10))/((L39/10)+243.5)) -> 36.713676 | BD39: 1013.2 | BE39: =6.112*2.718^((17.67*(M39/10))/((M39/10)+243.5)) -> 30.736198
AY40: =10*(BE40-BD40*((L40/10)-(M40/10))*0.00066*(1+(0.00115*(M40/10)))) -> 61.12 | AZ40: =((AY40/10)*100)/BC40 -> 100 | BA40: =(243.5*LN((AY40/10)/6.112))/(17.67-LN((AY40/10)/6.112))*10 -> 0 | BC40: =6.112*2.718^((17.67*(L40/10))/((L40/10)+243.5)) -> 6.112 | BD40: 1013.2 | BE40: =6.112*2.718^((17.67*(M40/10))/((M40/10)+243.5)) -> 6.112
AH41: Checked by VBA: 10:16:25 AM 3/17/2020
A42: SUM | C42: =SUM(C10:C40) -> 161 | F42: =SUM(F10:F40) -> 375 | K42: =SUM(K10:K40) -> 3407 | L42: =SUM(L10:L40) -> 8550 | M42: =SUM(M10:M40) -> 7498 | N42: =SUM(N10:N40) -> 8672 | O42: =SUM(O10:O40) -> 2235 | P42: =SUM(P10:P40) -> 7031 | Q42: =SUM(Q10:Q40) -> 103
A43: MEANS | C43: =AVERAGE(C10:C40) -> 5.3666667 | E43: =MODE(E10:E40) -> 11 | F43: =AVERAGE(F10:F40) -> 12.5 | K43: =AVERAGE(K10:K40) -> 113.56667 | L43: =AVERAGE(L10:L40) -> 285 | M43: =AVERAGE(M10:M40) -> 249.93333 | N43: =AVERAGE(N10:N40) -> 289.06667 | O43: =AVERAGE(O10:O40) -> 74.5 | P43: =AVERAGE(P10:P40) -> 234.36667 | Q43: =AVERAGE(Q10:Q40) -> 3.4333333 | AN43: =AVERAGE(AN10:AN40) -> -3.5389551 | AO43: =AVERAGE(AO10:AO40) -> -0.93630623 | AP43: =AVERAGE(AP10:AP40) -> -2.2621917

Sheet 1900z
E7: WIND | L7: TEMP AND HUMIDITY | Q7: CLOUDS | U7: CLOUDS REPORTED BY 8NsChshs GROUPS | AH7: REMARKS | AN7: S.rule - Formula | AY7: Formula
A8: DAY | B8: HOUR | C8: Total cloud Amt. | D8: Wind indicator | E8: DIRECTION | F8: SPEED | G8: VISIBILITY | H8: Weather Indicator | I8: PRESENT WEATHER | J8: PAST WEATHER | K8: SEA LEVEL PRESSURE | L8: Dry Bulb | M8: Wet Bulb | N8: Vapour Pressure | O8: Relative humidity | P8: Dew Point | Q8: Total amt. Nh | R8: Form of CL | S8: Form of CM | T8: Form of CH | U8: Lowest layer | X8: 3/8 or more | AB8: 5/8 or more | AE8: Cb cloud | AN8: Vapour Pressure | AO8: Relative humidity | AP8: Dew Point | AY8: Vapour Pressure | AZ8: Relative humidity | BA8: Dew Point
U9: Amount | V9: Form | W9: Height | X9: Indicator | Y9: Amount | Z9: Form | AA9: Height | AB9: Amount | AC9: Form | AD9: Height | AE9: Amount | AF9: Form | AG9: Height | BC9: ####### | BD9: ********* | BE9: &&&&&&
A10: 1 | B10: 15 | C10: 2 | D10: 4 | E10: 12 | F10: 13 | G10: 76 | H10: 2 | K10: 121 | L10: 298 | M10: 250 | N10: 278 | O10: 66 | P10: 228 | Q10: 1 | R10: 1 | S10: 3 | T10: 1 | U10: 1 | V10: 8 | W10: 69 | X10: 8 | AN10: =N10-AY10 -> -5.6679175 | AO10: =O10-AZ10 -> -1.6021049 | AP10: =P10-BA10 -> -3.6474711 | AY10: =10*(BE10-BD10*((L10/10)-(M10/10))*0.00066*(1+(0.00115*(M10/10)))) -> 283.66792 | AZ10: =((AY10/10)*100)/BC10 -> 67.602105 | BA10: =(243.5*LN((AY10/10)/6.112))/(17.67-LN((AY10/10)/6.112))*10 -> 231.64747 | BC10: =6.112*2.718^((17.67*(L10/10))/((L10/10)+243.5)) -> 41.961403 | BD10: 1013.2 | BE10: =6.112*2.718^((17.67*(M10/10))/((M10/10)+243.5)) -> 31.668892
A11: 2 | B11: 15 | C11: 2 | D11: 4 | E11: 12 | F11: 14 | G11: 75 | H11: 2 | K11: 118 | L11: 287 | M11: 251 | N11: 290 | O11: 74 | P11: 235 | Q11: 2 | R11: 8 | S11: 3 | T11: 0 | U11: 1 | V11: 8 | W11: 63 | X11: 8 | AN11: =N11-AY11 -> -3.8152235 | AO11: =O11-AZ11 -> -0.6193865 | AP11: =P11-BA11 -> -2.4688906 | AY11: =10*(BE11-BD11*((L11/10)-(M11/10))*0.00066*(1+(0.00115*(M11/10)))) -> 293.81522 | AZ11: =((AY11/10)*100)/BC11 -> 74.619387 | BA11: =(243.5*LN((AY11/10)/6.112))/(17.67-LN((AY11/10)/6.112))*10 -> 237.46889 | BC11: =6.112*2.718^((17.67*(L11/10))/((L11/10)+243.5)) -> 39.375186 | BD11: 1013.2 | BE11: =6.112*2.718^((17.67*(M11/10))/((M11/10)+243.5)) -> 31.858374
A12: 3 | B12: 15 | C12: 2 | D12: 4 | E12: 11 | F12: 14 | G12: 75 | H12: 2 | K12: 121 | L12: 291 | M12: 251 | N12: 286 | O12: 71 | P12: 233 | Q12: 1 | R12: 2 | S12: 0 | T12: 1 | U12: 1 | V12: 8 | W12: 66 | X12: 8 | AN12: =N12-AY12 -> -5.063166 | AO12: =O12-AZ12 -> -1.2258249 | AP12: =P12-BA12 -> -2.9076812 | AY12: =10*(BE12-BD12*((L12/10)-(M12/10))*0.00066*(1+(0.00115*(M12/10)))) -> 291.06317 | AZ12: =((AY12/10)*100)/BC12 -> 72.225825 | BA12: =(243.5*LN((AY12/10)/6.112))/(17.67-LN((AY12/10)/6.112))*10 -> 235.90768 | BC12: =6.112*2.718^((17.67*(L12/10))/((L12/10)+243.5)) -> 40.299044 | BD12: 1013.2 | BE12: =6.112*2.718^((17.67*(M12/10))/((M12/10)+243.5)) -> 31.858374
A13: 4 | B13: 15 | C13: 1 | D13: 4 | E13: 11 | F13: 15 | G13: 80 | H13: 2 | K13: 124 | L13: 295 | M13: 255 | N13: 295 | O13: 72 | P13: 238 | Q13: 1 | R13: 2 | S13: 0 | T13: 2 | U13: 1 | V13: 8 | W13: 69 | X13: 8 | AN13: =N13-AY13 -> -3.7297424 | AO13: =O13-AZ13 -> -0.43377557 | AP13: =P13-BA13 -> -2.2252583 | AY13: =10*(BE13-BD13*((L13/10)-(M13/10))*0.00066*(1+(0.00115*(M13/10)))) -> 298.72974 | AZ13: =((AY13/10)*100)/BC13 -> 72.433776 | BA13: =(243.5*LN((AY13/10)/6.112))/(17.67-LN((AY13/10)/6.112))*10 -> 240.22526 | BC13: =6.112*2.718^((17.67*(L13/10))/((L13/10)+243.5)) -> 41.241774 | BD13: 1013.2 | BE13: =6.112*2.718^((17.67*(M13/10))/((M13/10)+243.5)) -> 32.626262
A14: 5 | B14: 15 | C14: 2 | D14: 4 | E14: 11 | F14: 14 | G14: 80 | H14: 2 | K14: 125 | L14: 289 | M14: 261 | N14: 315 | O14: 79 | P14: 249 | Q14: 1 | R14: 2 | S14: 0 | T14: 1 | U14: 1 | V14: 8 | W14: 75 | X14: 8 | AN14: =N14-AY14 -> -3.7986285 | AO14: =O14-AZ14 -> -1.0302305 | AP14: =P14-BA14 -> -2.0843576 | AY14: =10*(BE14-BD14*((L14/10)-(M14/10))*0.00066*(1+(0.00115*(M14/10)))) -> 318.79863 | AZ14: =((AY14/10)*100)/BC14 -> 80.03023 | BA14: =(243.5*LN((AY14/10)/6.112))/(17.67-LN((AY14/10)/6.112))*10 -> 251.08436 | BC14: =6.112*2.718^((17.67*(L14/10))/((L14/10)+243.5)) -> 39.834776 | BD14: 1013.2 | BE14: =6.112*2.718^((17.67*(M14/10))/((M14/10)+243.5)) -> 33.808456
A15: 6 | B15: 15 | C15: 1 | D15: 4 | E15: 11 | F15: 16 | G15: 80 | H15: 2 | K15: 121 | L15: 290 | M15: 265 | N15: 326 | O15: 82 | P15: 255 | Q15: 1 | R15: 1 | S15: 0 | T15: 1 | U15: 1 | V15: 8 | W15: 66 | X15: 8 | AN15: =N15-AY15 -> -2.9451903 | AO15: =O15-AZ15 -> -0.10017063 | AP15: =P15-BA15 -> -1.3485921 | AY15: =10*(BE15-BD15*((L15/10)-(M15/10))*0.00066*(1+(0.00115*(M15/10)))) -> 328.94519 | AZ15: =((AY15/10)*100)/BC15 -> 82.100171 | BA15: =(243.5*LN((AY15/10)/6.112))/(17.67-LN((AY15/10)/6.112))*10 -> 256.34859 | BC15: =6.112*2.718^((17.67*(L15/10))/((L15/10)+243.5)) -> 40.066322 | BD15: 1013.2 | BE15: =6.112*2.718^((17.67*(M15/10))/((M15/10)+243.5)) -> 34.617247
A16: 7 | B16: 15 | C16: 7 | D16: 4 | E16: 12 | F16: 18 | G16: 75 | H16: 2 | K16: 113 | L16: 290 | M16: 253 | N16: 294 | O16: 73 | P16: 237 | Q16: 1 | R16: 2 | S16: 0 | T16: 8 | U16: 1 | V16: 8 | W16: 69 | X16: 8 | Y16: 7 | Z16: 2 | AA16: 840 | AH16: hz | AN16: =N16-AY16 -> -2.9409544 | AO16: =O16-AZ16 -> -1.1123559 | AP16: =P16-BA16 -> -2.2266228 | AY16: =10*(BE16-BD16*((L16/10)-(M16/10))*0.00066*(1+(0.00115*(M16/10)))) -> 296.94095 | AZ16: =((AY16/10)*100)/BC16 -> 74.112356 | BA16: =(243.5*LN((AY16/10)/6.112))/(17.67-LN((AY16/10)/6.112))*10 -> 239.22662 | BC16: =6.112*2.718^((17.67*(L16/10))/((L16/10)+243.5)) -> 40.066322 | BD16: 1013.2 | BE16: =6.112*2.718^((17.67*(M16/10))/((M16/10)+243.5)) -> 32.240318
A17: 8 | B17: 15 | C17: 1 | D17: 4 | E17: 9 | F17: 14 | G17: 75 | H17: 2 | K17: 110 | L17: 290 | M17: 253 | N17: 294 | O17: 73 | P17: 237 | Q17: 1 | R17: 2 | S17: 0 | T17: 0 | U17: 1 | V17: 8 | W17: 72 | X17: 8 | AN17: =N17-AY17 -> -2.9409544 | AO17: =O17-AZ17 -> -1.1123559 | AP17: =P17-BA17 -> -2.2266228 | AY17: =10*(BE17-BD17*((L17/10)-(M17/10))*0.00066*(1+(0.00115*(M17/10)))) -> 296.94095 | AZ17: =((AY17/10)*100)/BC17 -> 74.112356 | BA17: =(243.5*LN((AY17/10)/6.112))/(17.67-LN((AY17/10)/6.112))*10 -> 239.22662 | BC17: =6.112*2.718^((17.67*(L17/10))/((L17/10)+243.5)) -> 40.066322 | BD17: 1013.2 | BE17: =6.112*2.718^((17.67*(M17/10))/((M17/10)+243.5)) -> 32.240318
A18: 9 | B18: 15 | C18: 7 | D18: 4 | E18: 10 | F18: 19 | G18: 76 | H18: 2 | K18: 111 | L18: 292 | M18: 258 | N18: 306 | O18: 75 | P18: 244 | Q18: 1 | R18: 2 | S18: 0 | T18: 1 | U18: 1 | V18: 8 | W18: 72 | X18: 8 | Y18: 7 | Z18: 0 | AA18: 900 | AN18: =N18-AY18 -> -2.7167892 | AO18: =O18-AZ18 -> -1.1644127 | AP18: =P18-BA18 -> -1.7064155 | AY18: =10*(BE18-BD18*((L18/10)-(M18/10))*0.00066*(1+(0.00115*(M18/10)))) -> 308.71679 | AZ18: =((AY18/10)*100)/BC18 -> 76.164413 | BA18: =(243.5*LN((AY18/10)/6.112))/(17.67-LN((AY18/10)/6.112))*10 -> 245.70642 | BC18: =6.112*2.718^((17.67*(L18/10))/((L18/10)+243.5)) -> 40.532944 | BD18: 1013.2 | BE18: =6.112*2.718^((17.67*(M18/10))/((M18/10)+243.5)) -> 33.212758
A19: 10 | B19: 15 | C19: 7 | D19: 4 | E19: 9 | F19: 14 | G19: 70 | H19: 1 | I19: 5 | J19: 22 | K19: 95 | L19: 300 | M19: 259 | N19: 311 | O19: 73 | P19: 247 | Q19: 3 | R19: 2 | S19: 0 | T19: 2 | U19: 3 | V19: 8 | W19: 54 | X19: 8 | Y19: 6 | Z19: 0 | AA19: 870 | AH19: hz | AN19: =N19-AY19 -> 5.1308564 | AO19: =O19-AZ19 -> 0.94130692 | AP19: =P19-BA19 -> 2.8404365 | AY19: =10*(BE19-BD19*((L19/10)-(M19/10))*0.00066*(1+(0.00115*(M19/10)))) -> 305.86914 | AZ19: =((AY19/10)*100)/BC19 -> 72.058693 | BA19: =(243.5*LN((AY19/10)/6.112))/(17.67-LN((AY19/10)/6.112))*10 -> 244.15956 | BC19: =6.112*2.718^((17.67*(L19/10))/((L19/10)+243.5)) -> 42.447223 | BD19: 1013.2 | BE19: =6.112*2.718^((17.67*(M19/10))/((M19/10)+243.5)) -> 33.410296
A20: 11 | B20: 15 | C20: 7 | D20: 4 | E20: 12 | F20: 7 | G20: 70 | H20: 1 | I20: 5 | J20: 22 | K20: 90 | L20: 279 | M20: 252 | N20: 299 | O20: 79 | P20: 240 | Q20: 6 | R20: 4 | S20: 0 | T20: 2 | U20: 5 | V20: 8 | W20: 57 | X20: 8 | Y20: 6 | Z20: 0 | AA20: 840 | AH20: hz | AN20: =N20-AY20 -> -2.9100155 | AO20: =O20-AZ20 -> -1.3319307 | AP20: =P20-BA20 -> -1.9878659 | AY20: =10*(BE20-BD20*((L20/10)-(M20/10))*0.00066*(1+(0.00115*(M20/10)))) -> 301.91002 | AZ20: =((AY20/10)*100)/BC20 -> 80.331931 | BA20: =(243.5*LN((AY20/10)/6.112))/(17.67-LN((AY20/10)/6.112))*10 -> 241.98787 | BC20: =6.112*2.718^((17.67*(L20/10))/((L20/10)+243.5)) -> 37.582816 | BD20: 1013.2 | BE20: =6.112*2.718^((17.67*(M20/10))/((M20/10)+243.5)) -> 32.048848
A21: 12 | B21: 15 | C21: 7 | D21: 4 | E21: 10 | F21: 13 | G21: 78 | H21: 2 | K21: 105 | L21: 290 | M21: 246 | N21: 275 | O21: 68 | P21: 226 | Q21: 6 | R21: 8 | S21: 4 | T21: 2 | U21: 2 | V21: 8 | W21: 60 | X21: 8 | Y21: 4 | Z21: 6 | AA21: =45*3 -> 135 | AN21: =N21-AY21 -> -3.9521717 | AO21: =O21-AZ21 -> -1.6226045 | AP21: =P21-BA21 -> -2.8797646 | AY21: =10*(BE21-BD21*((L21/10)-(M21/10))*0.00066*(1+(0.00115*(M21/10)))) -> 278.95217 | AZ21: =((AY21/10)*100)/BC21 -> 69.622605 | BA21: =(243.5*LN((AY21/10)/6.112))/(17.67-LN((AY21/10)/6.112))*10 -> 228.87976 | BC21: =6.112*2.718^((17.67*(L21/10))/((L21/10)+243.5)) -> 40.066322 | BD21: 1013.2 | BE21: =6.112*2.718^((17.67*(M21/10))/((M21/10)+243.5)) -> 30.920789
A22: 13 | B22: 15 | C22: 3 | D22: 4 | E22: 10 | F22: 14 | G22: 80 | H22: 2 | K22: 119 | L22: 301 | M22: 250 | N22: 277 | O22: 65 | P22: 227 | Q22: 1 | R22: 8 | S22: 0 | T22: 2 | U22: 1 | V22: 8 | W22: 63 | X22: 8 | AN22: =N22-AY22 -> -4.6041051 | AO22: =O22-AZ22 -> -0.96184493 | AP22: =P22-BA22 -> -3.441203 | AY22: =10*(BE22-BD22*((L22/10)-(M22/10))*0.00066*(1+(0.00115*(M22/10)))) -> 281.60411 | AZ22: =((AY22/10)*100)/BC22 -> 65.961845 | BA22: =(243.5*LN((AY22/10)/6.112))/(17.67-LN((AY22/10)/6.112))*10 -> 230.4412 | BC22: =6.112*2.718^((17.67*(L22/10))/((L22/10)+243.5)) -> 42.691969 | BD22: 1013.2 | BE22: =6.112*2.718^((17.67*(M22/10))/((M22/10)+243.5)) -> 31.668892
A23: 14 | B23: 15 | C23: 5 | D23: 4 | E23: 10 | F23: 14 | G23: 80 | H23: 2 | K23: 111 | L23: 288 | M23: 243 | N23: 268 | O23: 67 | P23: 222 | Q23: 2 | R23: 2 | S23: 0 | T23: 2 | U23: 2 | V23: 8 | W23: 63 | X23: 8 | Y23: 5 | Z23: 0 | AA23: 840 | AN23: =N23-AY23 -> -4.7661208 | AO23: =O23-AZ23 -> -1.8726833 | AP23: =P23-BA23 -> -3.1862872 | AY23: =10*(BE23-BD23*((L23/10)-(M23/10))*0.00066*(1+(0.00115*(M23/10)))) -> 272.76612 | AZ23: =((AY23/10)*100)/BC23 -> 68.872683 | BA23: =(243.5*LN((AY23/10)/6.112))/(17.67-LN((AY23/10)/6.112))*10 -> 225.18629 | BC23: =6.112*2.718^((17.67*(L23/10))/((L23/10)+243.5)) -> 39.604399 | BD23: 1013.2 | BE23: =6.112*2.718^((17.67*(M23/10))/((M23/10)+243.5)) -> 30.369908
A24: 15 | B24: 15 | C24: 3 | D24: 4 | E24: 99 | F24: 10 | G24: 75 | H24: 2 | K24: 107 | L24: 294 | M24: 247 | N24: 275 | O24: 67 | P24: 226 | Q24: 1 | R24: 2 | S24: 0 | T24: 1 | U24: 1 | V24: 8 | W24: 63 | X24: 8 | AN24: =N24-AY24 -> -3.7412719 | AO24: =O24-AZ24 -> -0.97853907 | AP24: =P24-BA24 -> -2.7550309 | AY24: =10*(BE24-BD24*((L24/10)-(M24/10))*0.00066*(1+(0.00115*(M24/10)))) -> 278.74127 | AZ24: =((AY24/10)*100)/BC24 -> 67.978539 | BA24: =(243.5*LN((AY24/10)/6.112))/(17.67-LN((AY24/10)/6.112))*10 -> 228.75503 | BC24: =6.112*2.718^((17.67*(L24/10))/((L24/10)+243.5)) -> 41.004305 | BD24: 1013.2 | BE24: =6.112*2.718^((17.67*(M24/10))/((M24/10)+243.5)) -> 31.106349
A25: 16 | B25: 15 | C25: 7 | D25: 4 | E25: 99 | F25: 12 | G25: 75 | H25: 2 | K25: 118 | L25: 298 | M25: 256 | N25: 295 | O25: 70 | P25: 238 | Q25: 3 | R25: 8 | S25: 0 | T25: 2 | U25: 2 | V25: 8 | W25: 57 | X25: 8 | Y25: 5 | Z25: 0 | AA25: 840 | AN25: =N25-AY25 -> -4.2947047 | AO25: =O25-AZ25 -> -1.3261909 | AP25: =P25-BA25 -> -2.5395746 | AY25: =10*(BE25-BD25*((L25/10)-(M25/10))*0.00066*(1+(0.00115*(M25/10)))) -> 299.2947 | AZ25: =((AY25/10)*100)/BC25 -> 71.326191 | BA25: =(243.5*LN((AY25/10)/6.112))/(17.67-LN((AY25/10)/6.112))*10 -> 240.53957 | BC25: =6.112*2.718^((17.67*(L25/10))/((L25/10)+243.5)) -> 41.961403 | BD25: 1013.2 | BE25: =6.112*2.718^((17.67*(M25/10))/((M25/10)+243.5)) -> 32.820746
A26: 17 | B26: 15 | C26: 8 | D26: 4 | E26: 13 | F26: 17 | G26: 56 | H26: 1 | I26: 81 | J26: 82 | K26: 147 | L26: 238 | M26: 235 | N26: 286 | O26: 97 | P26: 233 | Q26: 8 | R26: 8 | S26: / | T26: / | U26: 7 | V26: 8 | W26: =8*3 -> 24 | X26: 8 | Y26: 6 | Z26: 6 | AA26: 105 | AH26: pro cont | AN26: =N26-AY26 -> -1.366505 | AO26: =O26-AZ26 -> -0.50870968 | AP26: =P26-BA26 -> -0.79013568 | AY26: =10*(BE26-BD26*((L26/10)-(M26/10))*0.00066*(1+(0.00115*(M26/10)))) -> 287.3665 | AZ26: =((AY26/10)*100)/BC26 -> 97.50871 | BA26: =(243.5*LN((AY26/10)/6.112))/(17.67-LN((AY26/10)/6.112))*10 -> 233.79014 | BC26: =6.112*2.718^((17.67*(L26/10))/((L26/10)+243.5)) -> 29.470855 | BD26: 1013.2 | BE26: =6.112*2.718^((17.67*(M26/10))/((M26/10)+243.5)) -> 28.942686
A27: 18 | B27: 15 | C27: 7 | D27: 4 | E27: 10 | F27: 15 | G27: 72 | H27: 1 | I27: 6 | J27: 22 | K27: 132 | L27: 298 | M27: 256 | N27: 295 | O27: 70 | P27: 238 | Q27: 6 | R27: 4 | S27: 6 | T27: 0 | U27: 1 | V27: 8 | W27: 57 | X27: 8 | Y27: 6 | Z27: 6 | AA27: 120 | AH27: hz | AN27: =N27-AY27 -> -4.2947047 | AO27: =O27-AZ27 -> -1.3261909 | AP27: =P27-BA27 -> -2.5395746 | AY27: =10*(BE27-BD27*((L27/10)-(M27/10))*0.00066*(1+(0.00115*(M27/10)))) -> 299.2947 | AZ27: =((AY27/10)*100)/BC27 -> 71.326191 | BA27: =(243.5*LN((AY27/10)/6.112))/(17.67-LN((AY27/10)/6.112))*10 -> 240.53957 | BC27: =6.112*2.718^((17.67*(L27/10))/((L27/10)+243.5)) -> 41.961403 | BD27: 1013.2 | BE27: =6.112*2.718^((17.67*(M27/10))/((M27/10)+243.5)) -> 32.820746
A28: 19 | B28: 15 | C28: 6 | D28: 4 | E28: 9 | F28: 16 | G28: 68 | H28: 1 | I28: 5 | J28: 11 | K28: 111 | L28: 297 | M28: 253 | N28: 288 | O28: 69 | P28: 234 | Q28: 5 | R28: 8 | S28: 0 | T28: 1 | U28: 2 | V28: 8 | W28: 57 | X28: 8 | Y28: 4 | Z28: 6 | AA28: 120 | AH28: hz | AN28: =N28-AY28 -> -4.1237772 | AO28: =O28-AZ28 -> -1.0195463 | AP28: =P28-BA28 -> -2.5108782 | AY28: =10*(BE28-BD28*((L28/10)-(M28/10))*0.00066*(1+(0.00115*(M28/10)))) -> 292.12378 | AZ28: =((AY28/10)*100)/BC28 -> 70.019546 | BA28: =(243.5*LN((AY28/10)/6.112))/(17.67-LN((AY28/10)/6.112))*10 -> 236.51088 | BC28: =6.112*2.718^((17.67*(L28/10))/((L28/10)+243.5)) -> 41.720318 | BD28: 1013.2 | BE28: =6.112*2.718^((17.67*(M28/10))/((M28/10)+243.5)) -> 32.240318
A29: 20 | B29: 15 | C29: 8 | D29: 4 | E29: 9 | F29: 14 | G29: 68 | H29: 1 | I29: 5 | J29: 22 | K29: 109 | L29: 285 | M29: 245 | N29: 276 | O29: 71 | P29: 227 | Q29: 5 | R29: 8 | S29: 7 | T29: / | U29: 5 | V29: 8 | W29: 51 | X29: 8 | Y29: 7 | Z29: 4 | AA29: 240 | AH29: hz | AN29: =N29-AY29 -> -3.8598599 | AO29: =O29-AZ29 -> -0.90600495 | AP29: =P29-BA29 -> -2.415663 | AY29: =10*(BE29-BD29*((L29/10)-(M29/10))*0.00066*(1+(0.00115*(M29/10)))) -> 279.85986 | AZ29: =((AY29/10)*100)/BC29 -> 71.906005 | BA29: =(243.5*LN((AY29/10)/6.112))/(17.67-LN((AY29/10)/6.112))*10 -> 229.41566 | BC29: =6.112*2.718^((17.67*(L29/10))/((L29/10)+243.5)) -> 38.920235 | BD29: 1013.2 | BE29: =6.112*2.718^((17.67*(M29/10))/((M29/10)+243.5)) -> 30.736198
A30: 21 | B30: 15 | C30: 3 | D30: 4 | E30: 9 | F30: 13 | G30: 78 | H30: 2 | K30: 115 | L30: 290 | M30: 255 | N30: 299 | O30: 74 | P30: 240 | Q30: 1 | R30: 8 | S30: 0 | T30: 2 | U30: 1 | V30: 8 | W30: 69 | X30: 8 | AN30: =N30-AY30 -> -3.1713523 | AO30: =O30-AZ30 -> -1.4177909 | AP30: =P30-BA30 -> -2.1319831 | AY30: =10*(BE30-BD30*((L30/10)-(M30/10))*0.00066*(1+(0.00115*(M30/10)))) -> 302.17135 | AZ30: =((AY30/10)*100)/BC30 -> 75.417791 | BA30: =(243.5*LN((AY30/10)/6.112))/(17.67-LN((AY30/10)/6.112))*10 -> 242.13198 | BC30: =6.112*2.718^((17.67*(L30/10))/((L30/10)+243.5)) -> 40.066322 | BD30: 1013.2 | BE30: =6.112*2.718^((17.67*(M30/10))/((M30/10)+243.5)) -> 32.626262
A31: 22 | B31: 15 | C31: 7 | D31: 4 | E31: 6 | F31: 18 | G31: 62 | H31: 1 | I31: 15 | J31: 22 | K31: 119 | L31: 295 | M31: 250 | N31: 281 | O31: 68 | P31: 230 | Q31: 7 | R31: 8 | S31: 3 | T31: 0 | U31: 4 | V31: 8 | W31: 45 | X31: 8 | Y31: 4 | Z31: 6 | AA31: 105 | AH31: jp-s hz | AN31: =N31-AY31 -> -4.7317299 | AO31: =O31-AZ31 -> -1.2821138 | AP31: =P31-BA31 -> -2.8460753 | AY31: =10*(BE31-BD31*((L31/10)-(M31/10))*0.00066*(1+(0.00115*(M31/10)))) -> 285.73173 | AZ31: =((AY31/10)*100)/BC31 -> 69.282114 | BA31: =(243.5*LN((AY31/10)/6.112))/(17.67-LN((AY31/10)/6.112))*10 -> 232.84608 | BC31: =6.112*2.718^((17.67*(L31/10))/((L31/10)+243.5)) -> 41.241774 | BD31: 1013.2 | BE31: =6.112*2.718^((17.67*(M31/10))/((M31/10)+243.5)) -> 31.668892
A32: 23 | B32: 15 | C32: 7 | D32: 4 | E32: 5 | F32: 10 | G32: 72 | H32: 1 | I32: 6 | J32: 22 | K32: 108 | L32: 288 | M32: 244 | N32: 271 | O32: 68 | P32: 224 | Q32: 3 | R32: 8 | S32: 0 | T32: 2 | U32: 3 | V32: 8 | W32: 60 | X32: 8 | Y32: 7 | Z32: 0 | AA32: 840 | AH32: hz | AN32: =N32-AY32 -> -4.2767785 | AO32: =O32-AZ32 -> -1.5066173 | AP32: =P32-BA32 -> -2.6940764 | AY32: =10*(BE32-BD32*((L32/10)-(M32/10))*0.00066*(1+(0.00115*(M32/10)))) -> 275.27678 | AZ32: =((AY32/10)*100)/BC32 -> 69.506617 | BA32: =(243.5*LN((AY32/10)/6.112))/(17.67-LN((AY32/10)/6.112))*10 -> 226.69408 | BC32: =6.112*2.718^((17.67*(L32/10))/((L32/10)+243.5)) -> 39.604399 | BD32: 1013.2 | BE32: =6.112*2.718^((17.67*(M32/10))/((M32/10)+243.5)) -> 30.552573
A33: 24 | B33: 15 | C33: 7 | D33: 4 | E33: 2 | F33: 0 | G33: 56 | H33: 1 | I33: 60 | J33: 82 | K33: 107 | L33: 255 | M33: 244 | N33: 296 | O33: 91 | P33: 239 | Q33: 7 | R33: 8 | S33: / | T33: / | U33: 2 | V33: 8 | W33: 54 | X33: 8 | Y33: 7 | Z33: 6 | AA33: 114 | AH33: pro changed to ro @ 14:05-> cont | AN33: =N33-AY33 -> -1.9634884 | AO33: =O33-AZ33 -> -0.32627177 | AP33: =P33-BA33 -> -0.79812076 | AY33: =10*(BE33-BD33*((L33/10)-(M33/10))*0.00066*(1+(0.00115*(M33/10)))) -> 297.96349 | AZ33: =((AY33/10)*100)/BC33 -> 91.326272 | BA33: =(243.5*LN((AY33/10)/6.112))/(17.67-LN((AY33/10)/6.112))*10 -> 239.79812 | BC33: =6.112*2.718^((17.67*(L33/10))/((L33/10)+243.5)) -> 32.626262 | BD33: 1013.2 | BE33: =6.112*2.718^((17.67*(M33/10))/((M33/10)+243.5)) -> 30.552573
A34: 25 | B34: 15 | C34: 7 | D34: 4 | E34: 0 | F34: 0 | G34: 76 | H34: 2 | K34: 121 | L34: 276 | M34: 242 | N34: 275 | O34: 74 | P34: 226 | Q34: 7 | R34: 9 | S34: 4 | T34: 2 | U34: 1 | V34: 8 | W34: 60 | X34: 8 | Y34: 7 | Z34: 6 | AA34: =45*3 -> 135 | AE34: 1 | AF34: 9 | AG34: // | AH34: cb-s | AN34: =N34-AY34 -> -3.5130525 | AO34: =O34-AZ34 -> -1.4179135 | AP34: =P34-BA34 -> -2.6199605 | AY34: =10*(BE34-BD34*((L34/10)-(M34/10))*0.00066*(1+(0.00115*(M34/10)))) -> 278.51305 | AZ34: =((AY34/10)*100)/BC34 -> 75.417914 | BA34: =(243.5*LN((AY34/10)/6.112))/(17.67-LN((AY34/10)/6.112))*10 -> 228.61996 | BC34: =6.112*2.718^((17.67*(L34/10))/((L34/10)+243.5)) -> 36.929297 | BD34: 1013.2 | BE34: =6.112*2.718^((17.67*(M34/10))/((M34/10)+243.5)) -> 30.188201
A35: 26 | B35: 15 | C35: 8 | D35: 4 | E35: 13 | F35: 10 | G35: 58 | H35: 1 | I35: 15 | J35: 82 | K35: 129 | L35: 272 | M35: 258 | N35: 321 | O35: 89 | P35: 252 | Q35: 8 | R35: 9 | S35: / | T35: / | U35: 2 | V35: 9 | W35: 30 | X35: 8 | Y35: 4 | Z35: 8 | AA35: 36 | AB35: 6 | AC35: 6 | AD35: =36*3 -> 108 | AH35: pro ended @ 14:12, cb-nne,s jp-ne | AN35: =N35-AY35 -> -1.4878429 | AO35: =O35-AZ35 -> -0.39768551 | AP35: =P35-BA35 -> -1.015136 | AY35: =10*(BE35-BD35*((L35/10)-(M35/10))*0.00066*(1+(0.00115*(M35/10)))) -> 322.48784 | AZ35: =((AY35/10)*100)/BC35 -> 89.397686 | BA35: =(243.5*LN((AY35/10)/6.112))/(17.67-LN((AY35/10)/6.112))*10 -> 253.01514 | BC35: =6.112*2.718^((17.67*(L35/10))/((L35/10)+243.5)) -> 36.0734 | BD35: 1013.2 | BE35: =6.112*2.718^((17.67*(M35/10))/((M35/10)+243.5)) -> 33.212758
A36: 27 | B36: 15 | C36: 7 | D36: 4 | E36: 9 | F36: 20 | G36: 50 | H36: 1 | I36: 15 | J36: 22 | K36: 121 | L36: 290 | M36: 255 | N36: 298 | O36: 74 | P36: 240 | Q36: 3 | R36: 8 | S36: 4 | T36: 1 | U36: 3 | V36: 8 | W36: 54 | X36: 8 | Y36: 5 | Z36: 0 | AA36: 840 | AH36: jp-ne | AN36: =N36-AY36 -> -4.1713523 | AO36: =O36-AZ36 -> -1.4177909 | AP36: =P36-BA36 -> -2.1319831 | AY36: =10*(BE36-BD36*((L36/10)-(M36/10))*0.00066*(1+(0.00115*(M36/10)))) -> 302.17135 | AZ36: =((AY36/10)*100)/BC36 -> 75.417791 | BA36: =(243.5*LN((AY36/10)/6.112))/(17.67-LN((AY36/10)/6.112))*10 -> 242.13198 | BC36: =6.112*2.718^((17.67*(L36/10))/((L36/10)+243.5)) -> 40.066322 | BD36: 1013.2 | BE36: =6.112*2.718^((17.67*(M36/10))/((M36/10)+243.5)) -> 32.626262
A37: 28 | B37: 15 | C37: 7 | D37: 4 | E37: 8 | F37: 13 | G37: 66 | H37: 1 | I37: 5 | J37: 22 | K37: 134 | L37: 275 | M37: 255 | N37: 311 | O37: 84 | P37: 247 | Q37: 4 | R37: 8 | S37: 0 | T37: 2 | U37: 1 | V37: 8 | W37: 57 | X37: 8 | Y37: 3 | Z37: 6 | AA37: 114 | AB37: 5 | AC37: 0 | AD37: 780 | AH37: hz | AN37: =N37-AY37 -> -1.4961819 | AO37: =O37-AZ37 -> -1.117106 | AP37: =P37-BA37 -> -0.74022003 | AY37: =10*(BE37-BD37*((L37/10)-(M37/10))*0.00066*(1+(0.00115*(M37/10)))) -> 312.49618 | AZ37: =((AY37/10)*100)/BC37 -> 85.117106 | BA37: =(243.5*LN((AY37/10)/6.112))/(17.67-LN((AY37/10)/6.112))*10 -> 247.74022 | BC37: =6.112*2.718^((17.67*(L37/10))/((L37/10)+243.5)) -> 36.713676 | BD37: 1013.2 | BE37: =6.112*2.718^((17.67*(M37/10))/((M37/10)+243.5)) -> 32.626262
A38: 29 | B38: 15 | C38: 6 | D38: 4 | E38: 7 | F38: 14 | G38: 70 | H38: 1 | I38: 5 | J38: 22 | K38: 129 | L38: 277 | M38: 256 | N38: 311 | O38: 84 | P38: 247 | Q38: 6 | R38: 8 | S38: / | T38: / | U38: 3 | V38: 8 | W38: 57 | X38: 8 | Y38: 6 | Z38: 6 | AA38: 105 | AH38: cb-ne hz | AN38: =N38-AY38 -> -2.7510812 | AO38: =O38-AZ38 -> -0.46424283 | AP38: =P38-BA38 -> -1.4107588 | AY38: =10*(BE38-BD38*((L38/10)-(M38/10))*0.00066*(1+(0.00115*(M38/10)))) -> 313.75108 | AZ38: =((AY38/10)*100)/BC38 -> 84.464243 | BA38: =(243.5*LN((AY38/10)/6.112))/(17.67-LN((AY38/10)/6.112))*10 -> 248.41076 | BC38: =6.112*2.718^((17.67*(L38/10))/((L38/10)+243.5)) -> 37.146024 | BD38: 1013.2 | BE38: =6.112*2.718^((17.67*(M38/10))/((M38/10)+243.5)) -> 32.820746
A39: 30 | B39: 15 | C39: 7 | D39: 4 | E39: 10 | F39: 18 | G39: 63 | H39: 1 | I39: 15 | J39: 22 | K39: 111 | L39: 280 | M39: 248 | N39: 288 | O39: 73 | P39: 234 | Q39: 7 | R39: 8 | S39: / | T39: / | U39: 5 | V39: 8 | W39: 45 | X39: 8 | Y39: 5 | Z39: 6 | AA39: 105 | AH39: jp-n,nw,se, tcu-alquads | AN39: =N39-AY39 -> -2.9197567 | AO39: =O39-AZ39 -> -3.9570154 | AP39: =P39-BA39 -> -1.825973 | AY39: =10*(BE39-BD39*((L39/10)-(M39/10))*0.00066*(1+(0.00115*(M39/10)))) -> 290.91976 | AZ39: =((AY39/10)*100)/BC39 -> 76.957015 | BA39: =(243.5*LN((AY39/10)/6.112))/(17.67-LN((AY39/10)/6.112))*10 -> 235.82597 | BC39: =6.112*2.718^((17.67*(L39/10))/((L39/10)+243.5)) -> 37.80289 | BD39: 1013.2 | BE39: =6.112*2.718^((17.67*(M39/10))/((M39/10)+243.5)) -> 31.292883
AY40: =10*(BE40-BD40*((L40/10)-(M40/10))*0.00066*(1+(0.00115*(M40/10)))) -> 61.12 | AZ40: =((AY40/10)*100)/BC40 -> 100 | BA40: =(243.5*LN((AY40/10)/6.112))/(17.67-LN((AY40/10)/6.112))*10 -> 0 | BC40: =6.112*2.718^((17.67*(L40/10))/((L40/10)+243.5)) -> 6.112 | BD40: 1013.2 | BE40: =6.112*2.718^((17.67*(M40/10))/((M40/10)+243.5)) -> 6.112
AH41: Checked by VBA: 10:16:26 AM 3/17/2020
A42: SUM | C42: =SUM(C10:C40) -> 159 | F42: =SUM(F10:F40) -> 399 | K42: =SUM(K10:K40) -> 3502 | L42: =SUM(L10:L40) -> 8588 | M42: =SUM(M10:M40) -> 7546 | N42: =SUM(N10:N40) -> 8780 | O42: =SUM(O10:O40) -> 2240 | P42: =SUM(P10:P40) -> 7093 | Q42: =SUM(Q10:Q40) -> 109
A43: MEANS | C43: =AVERAGE(C10:C40) -> 5.3 | E43: =MODE(E10:E40) -> 9 | F43: =AVERAGE(F10:F40) -> 13.3 | K43: =AVERAGE(K10:K40) -> 116.73333 | L43: =AVERAGE(L10:L40) -> 286.26667 | M43: =AVERAGE(M10:M40) -> 251.53333 | N43: =AVERAGE(N10:N40) -> 292.66667 | O43: =AVERAGE(O10:O40) -> 74.666667 | P43: =AVERAGE(P10:P40) -> 236.43333 | Q43: =AVERAGE(Q10:Q40) -> 3.6333333 | AN43: =AVERAGE(AN10:AN40) -> -3.2294521 | AO43: =AVERAGE(AO10:AO40) -> -1.0872701 | AP43: =AVERAGE(AP10:AP40) -> -2.042058

Sheet 1800z
E7: WIND | L7: TEMP AND HUMIDITY | Q7: CLOUDS | U7: CLOUDS REPORTED BY 8NsChshs GROUPS | AH7: REMARKS | AN7: S.rule - Formula | AY7: Formula
A8: DAY | B8: HOUR | C8: Total cloud Amt. | D8: Wind indicator | E8: DIRECTION | F8: SPEED | G8: VISIBILITY | H8: Weather Indicator | I8: PRESENT WEATHER | J8: PAST WEATHER | K8: SEA LEVEL PRESSURE | L8: Dry Bulb | M8: Wet Bulb | N8: Vapour Pressure | O8: Relative humidity | P8: Dew Point | Q8: Total amt. Nh | R8: Form of CL | S8: Form of CM | T8: Form of CH | U8: Lowest layer | X8: 3/8 or more | AB8: 5/8 or more | AE8: Cb cloud | AN8: Vapour Pressure | AO8: Relative humidity | AP8: Dew Point | AY8: Vapour Pressure | AZ8: Relative humidity | BA8: Dew Point
U9: Amount | V9: Form | W9: Height | X9: Indicator | Y9: Amount | Z9: Form | AA9: Height | AB9: Amount | AC9: Form | AD9: Height | AE9: Amount | AF9: Form | AG9: Height | BC9: ####### | BD9: ********* | BE9: &&&&&&
A10: 1 | B10: 14 | C10: 4 | D10: 4 | E10: 12 | F10: 14 | G10: 76 | H10: 2 | K10: 125 | L10: 291 | M10: 256 | N10: 300 | O10: 75 | P10: 241 | Q10: 3 | R10: 2 | S10: 0 | T10: 1 | U10: 3 | V10: 8 | W10: 66 | X10: 8 | AN10: =N10-AY10 -> -4.1134969 | AO10: =O10-AZ10 -> -0.46419726 | AP10: =P10-BA10 -> -2.1995953 | AY10: =10*(BE10-BD10*((L10/10)-(M10/10))*0.00066*(1+(0.00115*(M10/10)))) -> 304.1135 | AZ10: =((AY10/10)*100)/BC10 -> 75.464197 | BA10: =(243.5*LN((AY10/10)/6.112))/(17.67-LN((AY10/10)/6.112))*10 -> 243.1996 | BC10: =6.112*2.718^((17.67*(L10/10))/((L10/10)+243.5)) -> 40.299044 | BD10: 1013.2 | BE10: =6.112*2.718^((17.67*(M10/10))/((M10/10)+243.5)) -> 32.820746
A11: 2 | B11: 14 | C11: 3 | D11: 4 | E11: 11 | F11: 14 | G11: 75 | H11: 2 | K11: 125 | L11: 295 | M11: 255 | N11: 295 | O11: 71 | P11: 238 | Q11: 3 | R11: 8 | S11: 3 | T11: 0 | U11: 2 | V11: 8 | W11: 60 | X11: 8 | AN11: =N11-AY11 -> -3.7297424 | AO11: =O11-AZ11 -> -1.4337756 | AP11: =P11-BA11 -> -2.2252583 | AY11: =10*(BE11-BD11*((L11/10)-(M11/10))*0.00066*(1+(0.00115*(M11/10)))) -> 298.72974 | AZ11: =((AY11/10)*100)/BC11 -> 72.433776 | BA11: =(243.5*LN((AY11/10)/6.112))/(17.67-LN((AY11/10)/6.112))*10 -> 240.22526 | BC11: =6.112*2.718^((17.67*(L11/10))/((L11/10)+243.5)) -> 41.241774 | BD11: 1013.2 | BE11: =6.112*2.718^((17.67*(M11/10))/((M11/10)+243.5)) -> 32.626262
A12: 3 | B12: 14 | C12: 2 | D12: 4 | E12: 12 | F12: 15 | G12: 74 | H12: 1 | I12: 5 | J12: 0 | K12: 125 | L12: 295 | M12: 245 | N12: 268 | O12: 65 | P12: 222 | Q12: 2 | R12: 1 | S12: 0 | T12: 1 | U12: 2 | V12: 8 | W12: 63 | X12: 8 | AH12: hz | AN12: =N12-AY12 -> -4.9843303 | AO12: =O12-AZ12 -> -1.1912187 | AP12: =P12-BA12 -> -3.3178156 | AY12: =10*(BE12-BD12*((L12/10)-(M12/10))*0.00066*(1+(0.00115*(M12/10)))) -> 272.98433 | AZ12: =((AY12/10)*100)/BC12 -> 66.191219 | BA12: =(243.5*LN((AY12/10)/6.112))/(17.67-LN((AY12/10)/6.112))*10 -> 225.31782 | BC12: =6.112*2.718^((17.67*(L12/10))/((L12/10)+243.5)) -> 41.241774 | BD12: 1013.2 | BE12: =6.112*2.718^((17.67*(M12/10))/((M12/10)+243.5)) -> 30.736198
A13: 4 | B13: 14 | C13: 5 | D13: 4 | E13: 12 | F13: 17 | G13: 75 | H13: 2 | K13: 127 | L13: 295 | M13: 255 | N13: 294 | O13: 71 | P13: 237 | Q13: 4 | R13: 2 | S13: 0 | T13: 2 | U13: 4 | V13: 8 | W13: 66 | X13: 8 | AN13: =N13-AY13 -> -4.7297424 | AO13: =O13-AZ13 -> -1.4337756 | AP13: =P13-BA13 -> -3.2252583 | AY13: =10*(BE13-BD13*((L13/10)-(M13/10))*0.00066*(1+(0.00115*(M13/10)))) -> 298.72974 | AZ13: =((AY13/10)*100)/BC13 -> 72.433776 | BA13: =(243.5*LN((AY13/10)/6.112))/(17.67-LN((AY13/10)/6.112))*10 -> 240.22526 | BC13: =6.112*2.718^((17.67*(L13/10))/((L13/10)+243.5)) -> 41.241774 | BD13: 1013.2 | BE13: =6.112*2.718^((17.67*(M13/10))/((M13/10)+243.5)) -> 32.626262
A14: 5 | B14: 14 | C14: 2 | D14: 4 | E14: 10 | F14: 14 | G14: 80 | H14: 2 | K14: 130 | L14: 292 | M14: 262 | N14: 316 | O14: 78 | P14: 250 | Q14: 2 | R14: 2 | S14: 0 | T14: 1 | U14: 2 | V14: 8 | W14: 75 | X14: 8 | AN14: =N14-AY14 -> -3.4250758 | AO14: =O14-AZ14 -> -0.8062851 | AP14: =P14-BA14 -> -1.4135871 | AY14: =10*(BE14-BD14*((L14/10)-(M14/10))*0.00066*(1+(0.00115*(M14/10)))) -> 319.42508 | AZ14: =((AY14/10)*100)/BC14 -> 78.806285 | BA14: =(243.5*LN((AY14/10)/6.112))/(17.67-LN((AY14/10)/6.112))*10 -> 251.41359 | BC14: =6.112*2.718^((17.67*(L14/10))/((L14/10)+243.5)) -> 40.532944 | BD14: 1013.2 | BE14: =6.112*2.718^((17.67*(M14/10))/((M14/10)+243.5)) -> 34.009088
A15: 6 | B15: 14 | C15: 1 | D15: 4 | E15: 9 | F15: 16 | G15: 80 | H15: 2 | K15: 126 | L15: 293 | M15: 261 | N15: 311 | O15: 76 | P15: 247 | Q15: 1 | R15: 1 | S15: 0 | T15: 0 | U15: 1 | V15: 8 | W15: 69 | X15: 8 | AN15: =N15-AY15 -> -5.043495 | AO15: =O15-AZ15 -> -1.5223867 | AP15: =P15-BA15 -> -2.6296418 | AY15: =10*(BE15-BD15*((L15/10)-(M15/10))*0.00066*(1+(0.00115*(M15/10)))) -> 316.04349 | AZ15: =((AY15/10)*100)/BC15 -> 77.522387 | BA15: =(243.5*LN((AY15/10)/6.112))/(17.67-LN((AY15/10)/6.112))*10 -> 249.62964 | BC15: =6.112*2.718^((17.67*(L15/10))/((L15/10)+243.5)) -> 40.76803 | BD15: 1013.2 | BE15: =6.112*2.718^((17.67*(M15/10))/((M15/10)+243.5)) -> 33.808456
A16: 7 | B16: 14 | C16: 7 | D16: 4 | E16: 12 | F16: 15 | G16: 72 | H16: 1 | I16: 5 | J16: 22 | K16: 117 | L16: 288 | M16: 250 | N16: 286 | O16: 72 | P16: 233 | Q16: 1 | R16: 2 | S16: 0 | T16: 8 | U16: 1 | V16: 8 | W16: 63 | X16: 8 | Y16: 7 | Z16: 2 | AA16: 840 | AH16: hz | AN16: =N16-AY16 -> -4.5472922 | AO16: =O16-AZ16 -> -1.3623794 | AP16: =P16-BA16 -> -2.6135943 | AY16: =10*(BE16-BD16*((L16/10)-(M16/10))*0.00066*(1+(0.00115*(M16/10)))) -> 290.54729 | AZ16: =((AY16/10)*100)/BC16 -> 73.362379 | BA16: =(243.5*LN((AY16/10)/6.112))/(17.67-LN((AY16/10)/6.112))*10 -> 235.61359 | BC16: =6.112*2.718^((17.67*(L16/10))/((L16/10)+243.5)) -> 39.604399 | BD16: 1013.2 | BE16: =6.112*2.718^((17.67*(M16/10))/((M16/10)+243.5)) -> 31.668892
A17: 8 | B17: 14 | C17: 1 | D17: 4 | E17: 11 | F17: 17 | G17: 75 | H17: 2 | K17: 115 | L17: 287 | M17: 250 | N17: 286 | O17: 73 | P17: 233 | Q17: 1 | R17: 2 | S17: 0 | T17: 0 | U17: 1 | V17: 8 | W17: =24*3 -> 72 | X17: 8 | AN17: =N17-AY17 -> -5.2352297 | AO17: =O17-AZ17 -> -0.96415308 | AP17: =P17-BA17 -> -3.005669 | AY17: =10*(BE17-BD17*((L17/10)-(M17/10))*0.00066*(1+(0.00115*(M17/10)))) -> 291.23523 | AZ17: =((AY17/10)*100)/BC17 -> 73.964153 | BA17: =(243.5*LN((AY17/10)/6.112))/(17.67-LN((AY17/10)/6.112))*10 -> 236.00567 | BC17: =6.112*2.718^((17.67*(L17/10))/((L17/10)+243.5)) -> 39.375186 | BD17: 1013.2 | BE17: =6.112*2.718^((17.67*(M17/10))/((M17/10)+243.5)) -> 31.668892
A18: 9 | B18: 14 | C18: 7 | D18: 4 | E18: 10 | F18: 17 | G18: 76 | H18: 2 | K18: 123 | L18: 290 | M18: 255 | N18: 299 | O18: 74 | P18: 240 | Q18: 1 | R18: 2 | S18: 0 | T18: 1 | U18: 1 | V18: 8 | W18: 72 | X18: 8 | Y18: 7 | Z18: 0 | AA18: 900 | AN18: =N18-AY18 -> -3.1713523 | AO18: =O18-AZ18 -> -1.4177909 | AP18: =P18-BA18 -> -2.1319831 | AY18: =10*(BE18-BD18*((L18/10)-(M18/10))*0.00066*(1+(0.00115*(M18/10)))) -> 302.17135 | AZ18: =((AY18/10)*100)/BC18 -> 75.417791 | BA18: =(243.5*LN((AY18/10)/6.112))/(17.67-LN((AY18/10)/6.112))*10 -> 242.13198 | BC18: =6.112*2.718^((17.67*(L18/10))/((L18/10)+243.5)) -> 40.066322 | BD18: 1013.2 | BE18: =6.112*2.718^((17.67*(M18/10))/((M18/10)+243.5)) -> 32.626262
A19: 10 | B19: 14 | C19: 7 | D19: 4 | E19: 10 | F19: 14 | G19: 70 | H19: 1 | I19: 5 | J19: 22 | K19: 100 | L19: 295 | M19: 260 | N19: 310 | O19: 75 | P19: 245 | Q19: 2 | R19: 2 | S19: 0 | T19: 8 | U19: 2 | V19: 8 | W19: 69 | X19: 8 | Y19: 6 | Z19: 2 | AA19: 840 | AH19: hz | AN19: =N19-AY19 -> -1.9838755 | AO19: =O19-AZ19 -> -0.64753961 | AP19: =P19-BA19 -> -2.4657982 | AY19: =10*(BE19-BD19*((L19/10)-(M19/10))*0.00066*(1+(0.00115*(M19/10)))) -> 311.98388 | AZ19: =((AY19/10)*100)/BC19 -> 75.64754 | BA19: =(243.5*LN((AY19/10)/6.112))/(17.67-LN((AY19/10)/6.112))*10 -> 247.4658 | BC19: =6.112*2.718^((17.67*(L19/10))/((L19/10)+243.5)) -> 41.241774 | BD19: 1013.2 | BE19: =6.112*2.718^((17.67*(M19/10))/((M19/10)+243.5)) -> 33.60886
A20: 11 | B20: 14 | C20: 6 | D20: 4 | E20: 13 | F20: 5 | G20: 70 | H20: 1 | I20: 25 | J20: 81 | K20: 94 | L20: 277 | M20: 254 | N20: 305 | O20: 82 | P20: 244 | Q20: 4 | R20: 2 | S20: 0 | T20: 2 | U20: 4 | V20: 8 | W20: 54 | X20: 8 | Y20: 5 | Z20: 0 | AA20: 840 | AH20: pro ended @ 13:25 hz | AN20: =N20-AY20 -> -3.4982393 | AO20: =O20-AZ20 -> -1.0501367 | AP20: =P20-BA20 -> -1.5881418 | AY20: =10*(BE20-BD20*((L20/10)-(M20/10))*0.00066*(1+(0.00115*(M20/10)))) -> 308.49824 | AZ20: =((AY20/10)*100)/BC20 -> 83.050137 | BA20: =(243.5*LN((AY20/10)/6.112))/(17.67-LN((AY20/10)/6.112))*10 -> 245.58814 | BC20: =6.112*2.718^((17.67*(L20/10))/((L20/10)+243.5)) -> 37.146024 | BD20: 1013.2 | BE20: =6.112*2.718^((17.67*(M20/10))/((M20/10)+243.5)) -> 32.432788
A21: 12 | B21: 14 | C21: 7 | D21: 4 | E21: 8 | F21: 11 | G21: 75 | H21: 2 | K21: 109 | L21: 298 | M21: 245 | N21: 265 | O21: 63 | P21: 220 | Q21: 7 | R21: 8 | S21: 0 | T21: 2 | U21: 2 | V21: 8 | W21: 60 | X21: 8 | Y21: 7 | Z21: 6 | AA21: 120 | AB21: 5 | AC21: 0 | AD21: 840 | AN21: =N21-AY21 -> -5.9216714 | AO21: =O21-AZ21 -> -1.5644929 | AP21: =P21-BA21 -> -4.0708239 | AY21: =10*(BE21-BD21*((L21/10)-(M21/10))*0.00066*(1+(0.00115*(M21/10)))) -> 270.92167 | AZ21: =((AY21/10)*100)/BC21 -> 64.564493 | BA21: =(243.5*LN((AY21/10)/6.112))/(17.67-LN((AY21/10)/6.112))*10 -> 224.07082 | BC21: =6.112*2.718^((17.67*(L21/10))/((L21/10)+243.5)) -> 41.961403 | BD21: 1013.2 | BE21: =6.112*2.718^((17.67*(M21/10))/((M21/10)+243.5)) -> 30.736198
A22: 13 | B22: 14 | C22: 2 | D22: 4 | E22: 12 | F22: 16 | G22: 80 | H22: 2 | K22: 125 | L22: 304 | M22: 253 | N22: 281 | O22: 65 | P22: 230 | Q22: 1 | R22: 8 | S22: 0 | T22: 2 | U22: 1 | V22: 8 | W22: 69 | X22: 8 | AN22: =N22-AY22 -> -6.3065999 | AO22: =O22-AZ22 -> -1.1484467 | AP22: =P22-BA22 -> -3.7556245 | AY22: =10*(BE22-BD22*((L22/10)-(M22/10))*0.00066*(1+(0.00115*(M22/10)))) -> 287.3066 | AZ22: =((AY22/10)*100)/BC22 -> 66.148447 | BA22: =(243.5*LN((AY22/10)/6.112))/(17.67-LN((AY22/10)/6.112))*10 -> 233.75562 | BC22: =6.112*2.718^((17.67*(L22/10))/((L22/10)+243.5)) -> 43.433612 | BD22: 1013.2 | BE22: =6.112*2.718^((17.67*(M22/10))/((M22/10)+243.5)) -> 32.240318
A23: 14 | B23: 14 | C23: 7 | D23: 4 | E23: 99 | F23: 6 | G23: 80 | H23: 2 | K23: 117 | L23: 290 | M23: 248 | N23: 280 | O23: 70 | P23: 229 | Q23: 3 | R23: 2 | S23: 0 | T23: 8 | U23: 3 | V23: 8 | W23: 66 | X23: 8 | Y23: 6 | Z23: 0 | AA23: 900 | AN23: =N23-AY23 -> -4.0419201 | AO23: =O23-AZ23 -> -0.89293534 | AP23: =P23-BA23 -> -2.8652468 | AY23: =10*(BE23-BD23*((L23/10)-(M23/10))*0.00066*(1+(0.00115*(M23/10)))) -> 284.04192 | AZ23: =((AY23/10)*100)/BC23 -> 70.892935 | BA23: =(243.5*LN((AY23/10)/6.112))/(17.67-LN((AY23/10)/6.112))*10 -> 231.86525 | BC23: =6.112*2.718^((17.67*(L23/10))/((L23/10)+243.5)) -> 40.066322 | BD23: 1013.2 | BE23: =6.112*2.718^((17.67*(M23/10))/((M23/10)+243.5)) -> 31.292883
A24: 15 | B24: 14 | C24: 4 | D24: 4 | E24: 12 | F24: 15 | G24: 75 | H24: 2 | K24: 110 | L24: 299 | M24: 243 | N24: 260 | O24: 62 | P24: 217 | Q24: 3 | R24: 2 | S24: 0 | T24: 1 | U24: 3 | V24: 8 | W24: 60 | X24: 8 | AN24: =N24-AY24 -> -5.2047301 | AO24: =O24-AZ24 -> -0.8392087 | AP24: =P24-BA24 -> -3.5706047 | AY24: =10*(BE24-BD24*((L24/10)-(M24/10))*0.00066*(1+(0.00115*(M24/10)))) -> 265.20473 | AZ24: =((AY24/10)*100)/BC24 -> 62.839209 | BA24: =(243.5*LN((AY24/10)/6.112))/(17.67-LN((AY24/10)/6.112))*10 -> 220.5706 | BC24: =6.112*2.718^((17.67*(L24/10))/((L24/10)+243.5)) -> 42.203703 | BD24: 1013.2 | BE24: =6.112*2.718^((17.67*(M24/10))/((M24/10)+243.5)) -> 30.369908
A25: 16 | B25: 14 | C25: 7 | D25: 4 | E25: 0 | F25: 0 | G25: 75 | H25: 2 | K25: 121 | L25: 300 | M25: 255 | N25: 290 | O25: 67 | P25: 235 | Q25: 3 | R25: 8 | S25: 0 | T25: 2 | U25: 2 | V25: 8 | W25: 66 | X25: 8 | Y25: 5 | Z25: 0 | AA25: 840 | AN25: =N25-AY25 -> -5.2881325 | AO25: =O25-AZ25 -> -2.5659479 | AP25: =P25-BA25 -> -3.2992001 | AY25: =10*(BE25-BD25*((L25/10)-(M25/10))*0.00066*(1+(0.00115*(M25/10)))) -> 295.28813 | AZ25: =((AY25/10)*100)/BC25 -> 69.565948 | BA25: =(243.5*LN((AY25/10)/6.112))/(17.67-LN((AY25/10)/6.112))*10 -> 238.2992 | BC25: =6.112*2.718^((17.67*(L25/10))/((L25/10)+243.5)) -> 42.447223 | BD25: 1013.2 | BE25: =6.112*2.718^((17.67*(M25/10))/((M25/10)+243.5)) -> 32.626262
A26: 17 | B26: 14 | C26: 8 | D26: 4 | E26: 10 | F26: 13 | G26: 58 | H26: 1 | I26: 81 | J26: 86 | K26: 149 | L26: 240 | M26: 235 | N26: 286 | O26: 96 | P26: 233 | Q26: 8 | R26: 8 | S26: / | T26: / | U26: 7 | V26: 8 | W26: =8*3 -> 24 | X26: 8 | Y26: 6 | Z26: 6 | AA26: 105 | AH26: ro @ 13:15-20, pr @ 13:30-> cont hz | AN26: =N26-AY26 -> 0.0070628893 | AO26: =O26-AZ26 -> 0.11814684 | AP26: =P26-BA26 -> 0.0027640451 | AY26: =10*(BE26-BD26*((L26/10)-(M26/10))*0.00066*(1+(0.00115*(M26/10)))) -> 285.99294 | AZ26: =((AY26/10)*100)/BC26 -> 95.881853 | BA26: =(243.5*LN((AY26/10)/6.112))/(17.67-LN((AY26/10)/6.112))*10 -> 232.99724 | BC26: =6.112*2.718^((17.67*(L26/10))/((L26/10)+243.5)) -> 29.82764 | BD26: 1013.2 | BE26: =6.112*2.718^((17.67*(M26/10))/((M26/10)+243.5)) -> 28.942686
A27: 18 | B27: 14 | C27: 6 | D27: 4 | E27: 10 | F27: 14 | G27: 72 | H27: 1 | I27: 6 | J27: 86 | K27: 138 | L27: 302 | M27: 257 | N27: 295 | O27: 69 | P27: 238 | Q27: 5 | R27: 9 | S27: 6 | T27: 0 | U27: 1 | V27: 9 | W27: 42 | X27: 8 | Y27: 4 | Z27: 6 | AA27: =45*3 -> 135 | AH27: cb-s hz | AN27: =N27-AY27 -> -4.1810189 | AO27: =O27-AZ27 -> -0.67753416 | AP27: =P27-BA27 -> -2.4763674 | AY27: =10*(BE27-BD27*((L27/10)-(M27/10))*0.00066*(1+(0.00115*(M27/10)))) -> 299.18102 | AZ27: =((AY27/10)*100)/BC27 -> 69.677534 | BA27: =(243.5*LN((AY27/10)/6.112))/(17.67-LN((AY27/10)/6.112))*10 -> 240.47637 | BC27: =6.112*2.718^((17.67*(L27/10))/((L27/10)+243.5)) -> 42.937946 | BD27: 1013.2 | BE27: =6.112*2.718^((17.67*(M27/10))/((M27/10)+243.5)) -> 33.016243
A28: 19 | B28: 14 | C28: 4 | D28: 4 | E28: 9 | F28: 16 | G28: 65 | H28: 1 | I28: 5 | J28: 81 | K28: 117 | L28: 300 | M28: 259 | N28: 301 | O28: 71 | P28: 242 | Q28: 3 | R28: 8 | S28: 0 | T28: 1 | U28: 2 | V28: 8 | W28: 57 | X28: 8 | AH28: hz | AN28: =N28-AY28 -> -4.8691436 | AO28: =O28-AZ28 -> -1.0586931 | AP28: =P28-BA28 -> -2.1595635 | AY28: =10*(BE28-BD28*((L28/10)-(M28/10))*0.00066*(1+(0.00115*(M28/10)))) -> 305.86914 | AZ28: =((AY28/10)*100)/BC28 -> 72.058693 | BA28: =(243.5*LN((AY28/10)/6.112))/(17.67-LN((AY28/10)/6.112))*10 -> 244.15956 | BC28: =6.112*2.718^((17.67*(L28/10))/((L28/10)+243.5)) -> 42.447223 | BD28: 1013.2 | BE28: =6.112*2.718^((17.67*(M28/10))/((M28/10)+243.5)) -> 33.410296
A29: 20 | B29: 14 | C29: 7 | D29: 4 | E29: 10 | F29: 15 | G29: 68 | H29: 1 | I29: 5 | J29: 82 | K29: 112 | L29: 292 | M29: 251 | N29: 286 | O29: 71 | P29: 233 | Q29: 5 | R29: 8 | S29: 4 | T29: 8 | U29: 3 | V29: 8 | W29: 54 | X29: 8 | Y29: 3 | Z29: 6 | AA29: 120 | AB29: 7 | AC29: 2 | AD29: 780 | AH29: hz | AN29: =N29-AY29 -> -4.3751517 | AO29: =O29-AZ29 -> -0.63929422 | AP29: =P29-BA29 -> -2.5153594 | AY29: =10*(BE29-BD29*((L29/10)-(M29/10))*0.00066*(1+(0.00115*(M29/10)))) -> 290.37515 | AZ29: =((AY29/10)*100)/BC29 -> 71.639294 | BA29: =(243.5*LN((AY29/10)/6.112))/(17.67-LN((AY29/10)/6.112))*10 -> 235.51536 | BC29: =6.112*2.718^((17.67*(L29/10))/((L29/10)+243.5)) -> 40.532944 | BD29: 1013.2 | BE29: =6.112*2.718^((17.67*(M29/10))/((M29/10)+243.5)) -> 31.858374
A30: 21 | B30: 14 | C30: 3 | D30: 4 | E30: 11 | F30: 14 | G30: 76 | H30: 2 | K30: 120 | L30: 289 | M30: 256 | N30: 301 | O30: 76 | P30: 242 | Q30: 1 | R30: 8 | S30: 0 | T30: 2 | U30: 1 | V30: 8 | W30: 69 | X30: 8 | Y30: 3 | Z30: 0 | AA30: 780 | AN30: =N30-AY30 -> -4.4902946 | AO30: =O30-AZ30 -> -0.68934713 | AP30: =P30-BA30 -> -1.952822 | AY30: =10*(BE30-BD30*((L30/10)-(M30/10))*0.00066*(1+(0.00115*(M30/10)))) -> 305.49029 | AZ30: =((AY30/10)*100)/BC30 -> 76.689347 | BA30: =(243.5*LN((AY30/10)/6.112))/(17.67-LN((AY30/10)/6.112))*10 -> 243.95282 | BC30: =6.112*2.718^((17.67*(L30/10))/((L30/10)+243.5)) -> 39.834776 | BD30: 1013.2 | BE30: =6.112*2.718^((17.67*(M30/10))/((M30/10)+243.5)) -> 32.820746
A31: 22 | B31: 14 | C31: 7 | D31: 4 | E31: 8 | F31: 15 | G31: 68 | H31: 1 | I31: 5 | J31: 82 | K31: 122 | L31: 296 | M31: 250 | N31: 280 | O31: 67 | P31: 229 | Q31: 7 | R31: 8 | S31: / | T31: / | U31: 4 | V31: 8 | W31: 54 | X31: 8 | Y31: 6 | Z31: 6 | AA31: 105 | AH31: hz | AN31: =N31-AY31 -> -5.0437925 | AO31: =O31-AZ31 -> -1.7176331 | AP31: =P31-BA31 -> -3.4473856 | AY31: =10*(BE31-BD31*((L31/10)-(M31/10))*0.00066*(1+(0.00115*(M31/10)))) -> 285.04379 | AZ31: =((AY31/10)*100)/BC31 -> 68.717633 | BA31: =(243.5*LN((AY31/10)/6.112))/(17.67-LN((AY31/10)/6.112))*10 -> 232.44739 | BC31: =6.112*2.718^((17.67*(L31/10))/((L31/10)+243.5)) -> 41.480444 | BD31: 1013.2 | BE31: =6.112*2.718^((17.67*(M31/10))/((M31/10)+243.5)) -> 31.668892
A32: 23 | B32: 14 | C32: 6 | D32: 4 | E32: 12 | F32: 12 | G32: 70 | H32: 1 | I32: 6 | J32: 22 | K32: 110 | L32: 294 | M32: 249 | N32: 280 | O32: 68 | P32: 229 | Q32: 2 | R32: 2 | S32: 0 | T32: 2 | U32: 2 | V32: 8 | W32: 60 | X32: 8 | Y32: 6 | Z32: 0 | AA32: 840 | AH32: hz | AN32: =N32-AY32 -> -3.8502361 | AO32: =O32-AZ32 -> -1.2244971 | AP32: =P32-BA32 -> -2.7536637 | AY32: =10*(BE32-BD32*((L32/10)-(M32/10))*0.00066*(1+(0.00115*(M32/10)))) -> 283.85024 | AZ32: =((AY32/10)*100)/BC32 -> 69.224497 | BA32: =(243.5*LN((AY32/10)/6.112))/(17.67-LN((AY32/10)/6.112))*10 -> 231.75366 | BC32: =6.112*2.718^((17.67*(L32/10))/((L32/10)+243.5)) -> 41.004305 | BD32: 1013.2 | BE32: =6.112*2.718^((17.67*(M32/10))/((M32/10)+243.5)) -> 31.480396
A33: 24 | B33: 14 | C33: 7 | D33: 4 | E33: 3 | F33: 9 | G33: 59 | H33: 1 | I33: 80 | J33: 82 | K33: 111 | L33: 252 | M33: 247 | N33: 308 | O33: 96 | P33: 245 | Q33: 7 | R33: 8 | S33: 0 | T33: 2 | U33: 6 | V33: 8 | W33: 42 | X33: 8 | Y33: 4 | Z33: 6 | AA33: 114 | AH33: pro @ 13:32-> cont hz | AN33: =N33-AY33 -> 0.37504402 | AO33: =O33-AZ33 -> 0.013724272 | AP33: =P33-BA33 -> -0.1148098 | AY33: =10*(BE33-BD33*((L33/10)-(M33/10))*0.00066*(1+(0.00115*(M33/10)))) -> 307.62496 | AZ33: =((AY33/10)*100)/BC33 -> 95.986276 | BA33: =(243.5*LN((AY33/10)/6.112))/(17.67-LN((AY33/10)/6.112))*10 -> 245.11481 | BC33: =6.112*2.718^((17.67*(L33/10))/((L33/10)+243.5)) -> 32.048848 | BD33: 1013.2 | BE33: =6.112*2.718^((17.67*(M33/10))/((M33/10)+243.5)) -> 31.106349
A34: 25 | B34: 14 | C34: 7 | D34: 4 | E34: 6 | F34: 8 | G34: 74 | H34: 1 | I34: 2 | J34: 86 | K34: 124 | L34: 280 | M34: 245 | N34: 279 | O34: 74 | P34: 229 | Q34: 7 | R34: 4 | S34: 6 | T34: 3 | U34: 1 | V34: 8 | W34: 48 | X34: 8 | Y34: 7 | Z34: 6 | AA34: 120 | AH34: tcu-ne,s cb top-s | AN34: =N34-AY34 -> -4.2976247 | AO34: =O34-AZ34 -> -0.94073249 | AP34: =P34-BA34 -> -2.4316076 | AY34: =10*(BE34-BD34*((L34/10)-(M34/10))*0.00066*(1+(0.00115*(M34/10)))) -> 283.29762 | AZ34: =((AY34/10)*100)/BC34 -> 74.940732 | BA34: =(243.5*LN((AY34/10)/6.112))/(17.67-LN((AY34/10)/6.112))*10 -> 231.43161 | BC34: =6.112*2.718^((17.67*(L34/10))/((L34/10)+243.5)) -> 37.80289 | BD34: 1013.2 | BE34: =6.112*2.718^((17.67*(M34/10))/((M34/10)+243.5)) -> 30.736198
A35: 26 | B35: 14 | C35: 8 | D35: 4 | E35: 8 | F35: 9 | G35: 50 | H35: 1 | I35: 91 | J35: 81 | K35: 136 | L35: 251 | M35: 245 | N35: 304 | O35: 95 | P35: 243 | Q35: 8 | R35: 9 | S35: / | T35: / | U35: 3 | V35: 9 | W35: =8*3 -> 24 | X35: 8 | Y35: 7 | Z35: 8 | AA35: 30 | AH35: pro ended @ 13:08, pro @ 13:15-> cont cb-s, t/ltg-13:27 hz | AN35: =N35-AY35 -> 0.7633394 | AO35: =O35-AZ35 -> -0.18271702 | AP35: =P35-BA35 -> 0.28166716 | AY35: =10*(BE35-BD35*((L35/10)-(M35/10))*0.00066*(1+(0.00115*(M35/10)))) -> 303.23666 | AZ35: =((AY35/10)*100)/BC35 -> 95.182717 | BA35: =(243.5*LN((AY35/10)/6.112))/(17.67-LN((AY35/10)/6.112))*10 -> 242.71833 | BC35: =6.112*2.718^((17.67*(L35/10))/((L35/10)+243.5)) -> 31.858374 | BD35: 1013.2 | BE35: =6.112*2.718^((17.67*(M35/10))/((M35/10)+243.5)) -> 30.736198
A36: 27 | B36: 14 | C36: 5 | D36: 4 | E36: 7 | F36: 12 | G36: 70 | H36: 1 | I36: 25 | J36: 82 | K36: 125 | L36: 285 | M36: 255 | N36: 302 | O36: 77 | P36: 242 | Q36: 4 | R36: 8 | S36: 4 | T36: 1 | U36: 3 | V36: 8 | W36: 54 | X36: 8 | AH36: pro @ 13:12-14 | AN36: =N36-AY36 -> -3.6129621 | AO36: =O36-AZ36 -> -1.5228978 | AP36: =P36-BA36 -> -2.0197874 | AY36: =10*(BE36-BD36*((L36/10)-(M36/10))*0.00066*(1+(0.00115*(M36/10)))) -> 305.61296 | AZ36: =((AY36/10)*100)/BC36 -> 78.522898 | BA36: =(243.5*LN((AY36/10)/6.112))/(17.67-LN((AY36/10)/6.112))*10 -> 244.01979 | BC36: =6.112*2.718^((17.67*(L36/10))/((L36/10)+243.5)) -> 38.920235 | BD36: 1013.2 | BE36: =6.112*2.718^((17.67*(M36/10))/((M36/10)+243.5)) -> 32.626262
A37: 28 | B37: 14 | C37: 7 | D37: 4 | E37: 8 | F37: 5 | G37: 60 | H37: 1 | I37: 21 | J37: 86 | K37: 144 | L37: 274 | M37: 260 | N37: 325 | O37: 89 | P37: 254 | Q37: 7 | R37: 8 | S37: 3 | T37: 2 | U37: 5 | V37: 8 | W37: 54 | X37: 8 | Y37: 7 | Z37: 6 | AA37: 114 | AH37: ro ended @ 13:28 | AN37: =N37-AY37 -> -1.4467118 | AO37: =O37-AZ37 -> -0.43952478 | AP37: =P37-BA37 -> -1.0656592 | AY37: =10*(BE37-BD37*((L37/10)-(M37/10))*0.00066*(1+(0.00115*(M37/10)))) -> 326.44671 | AZ37: =((AY37/10)*100)/BC37 -> 89.439525 | BA37: =(243.5*LN((AY37/10)/6.112))/(17.67-LN((AY37/10)/6.112))*10 -> 255.06566 | BC37: =6.112*2.718^((17.67*(L37/10))/((L37/10)+243.5)) -> 36.499155 | BD37: 1013.2 | BE37: =6.112*2.718^((17.67*(M37/10))/((M37/10)+243.5)) -> 33.60886
A38: 29 | B38: 14 | C38: 7 | D38: 4 | E38: 6 | F38: 10 | G38: 70 | H38: 1 | I38: 25 | J38: 86 | K38: 136 | L38: 268 | M38: 250 | N38: 302 | O38: 86 | P38: 242 | Q38: 7 | R38: 8 | S38: / | T38: / | U38: 5 | V38: 8 | W38: 45 | X38: 8 | Y38: 6 | Z38: 6 | AA38: 105 | AH38: pro @ 13:05 | AN38: =N38-AY38 -> -2.3060416 | AO38: =O38-AZ38 -> -0.36496702 | AP38: =P38-BA38 -> -1.3051132 | AY38: =10*(BE38-BD38*((L38/10)-(M38/10))*0.00066*(1+(0.00115*(M38/10)))) -> 304.30604 | AZ38: =((AY38/10)*100)/BC38 -> 86.364967 | BA38: =(243.5*LN((AY38/10)/6.112))/(17.67-LN((AY38/10)/6.112))*10 -> 243.30511 | BC38: =6.112*2.718^((17.67*(L38/10))/((L38/10)+243.5)) -> 35.234894 | BD38: 1013.2 | BE38: =6.112*2.718^((17.67*(M38/10))/((M38/10)+243.5)) -> 31.668892
A39: 30 | B39: 14 | C39: 7 | D39: 4 | E39: 9 | F39: 13 | G39: 70 | H39: 1 | I39: 5 | J39: 22 | K39: 118 | L39: 276 | M39: 249 | N39: 294 | O39: 79 | P39: 237 | Q39: 4 | R39: 8 | S39: 7 | T39: 2 | U39: 2 | V39: 8 | W39: 57 | X39: 8 | Y39: 4 | Z39: 6 | AA39: 114 | AB39: 5 | AC39: 4 | AD39: 300 | AH39: hz | AN39: =N39-AY39 -> -2.2317263 | AO39: =O39-AZ39 -> -1.2159128 | AP39: =P39-BA39 -> -1.8292196 | AY39: =10*(BE39-BD39*((L39/10)-(M39/10))*0.00066*(1+(0.00115*(M39/10)))) -> 296.23173 | AZ39: =((AY39/10)*100)/BC39 -> 80.215913 | BA39: =(243.5*LN((AY39/10)/6.112))/(17.67-LN((AY39/10)/6.112))*10 -> 238.82922 | BC39: =6.112*2.718^((17.67*(L39/10))/((L39/10)+243.5)) -> 36.929297 | BD39: 1013.2 | BE39: =6.112*2.718^((17.67*(M39/10))/((M39/10)+243.5)) -> 31.480396
AY40: =10*(BE40-BD40*((L40/10)-(M40/10))*0.00066*(1+(0.00115*(M40/10)))) -> 61.12 | AZ40: =((AY40/10)*100)/BC40 -> 100 | BA40: =(243.5*LN((AY40/10)/6.112))/(17.67-LN((AY40/10)/6.112))*10 -> 0 | BC40: =6.112*2.718^((17.67*(L40/10))/((L40/10)+243.5)) -> 6.112 | BD40: 1013.2 | BE40: =6.112*2.718^((17.67*(M40/10))/((M40/10)+243.5)) -> 6.112
AH41: Checked by VBA: 10:16:26 AM 3/17/2020
A42: SUM | C42: =SUM(C10:C40) -> 161 | F42: =SUM(F10:F40) -> 371 | K42: =SUM(K10:K40) -> 3651 | L42: =SUM(L10:L40) -> 8588 | M42: =SUM(M10:M40) -> 7555 | N42: =SUM(N10:N40) -> 8789 | O42: =SUM(O10:O40) -> 2253 | P42: =SUM(P10:P40) -> 7099 | Q42: =SUM(Q10:Q40) -> 116 | AH42: Checked by: F. Frank
A43: MEANS | C43: =AVERAGE(C10:C40) -> 5.3666667 | E43: =MODE(E10:E40) -> 12 | F43: =AVERAGE(F10:F40) -> 12.366667 | K43: =AVERAGE(K10:K40) -> 121.7 | L43: =AVERAGE(L10:L40) -> 286.26667 | M43: =AVERAGE(M10:M40) -> 251.83333 | N43: =AVERAGE(N10:N40) -> 292.96667 | O43: =AVERAGE(O10:O40) -> 75.1 | P43: =AVERAGE(P10:P40) -> 236.63333 | Q43: =AVERAGE(Q10:Q40) -> 3.8666667 | AN43: =AVERAGE(AN10:AN40) -> -3.6928061 | AO43: =AVERAGE(AO10:AO40) -> -0.99488499 | AP43: =AVERAGE(AP10:AP40) -> -2.272159

Sheet 1700z
E7: WIND | L7: TEMP AND HUMIDITY | Q7: CLOUDS | U7: CLOUDS REPORTED BY 8NsChshs GROUPS | AH7: REMARKS | AN7: S.rule - Formula | AY7: Formula
A8: DAY | B8: HOUR | C8: Total cloud Amt. | D8: Wind indicator | E8: DIRECTION | F8: SPEED | G8: VISIBILITY | H8: Weather Indicator | I8: PRESENT WEATHER | J8: PAST WEATHER | K8: SEA LEVEL PRESSURE | L8: Dry Bulb | M8: Wet Bulb | N8: Vapour Pressure | O8: Relative humidity | P8: Dew Point | Q8: Total amt. Nh | R8: Form of CL | S8: Form of CM | T8: Form of CH | U8: Lowest layer | X8: 3/8 or more | AB8: 5/8 or more | AE8: Cb cloud | AN8: Vapour Pressure | AO8: Relative humidity | AP8: Dew Point | AY8: Vapour Pressure | AZ8: Relative humidity | BA8: Dew Point
U9: Amount | V9: Form | W9: Height | X9: Indicator | Y9: Amount | Z9: Form | AA9: Height | AB9: Amount | AC9: Form | AD9: Height | AE9: Amount | AF9: Form | AG9: Height | BC9: ####### | BD9: ********* | BE9: &&&&&&
A10: 1 | B10: 13 | C10: 5 | D10: 4 | E10: 10 | F10: 12 | G10: 78 | H10: 2 | K10: 133 | L10: 292 | M10: 257 | N10: 302 | O10: 75 | P10: 242 | Q10: 2 | R10: 2 | S10: 0 | T10: 1 | U10: 2 | V10: 8 | W10: 60 | X10: 8 | Y10: 3 | Z10: 0 | AA10: 840 | AN10: =N10-AY10 -> -4.0657767 | AO10: =O10-AZ10 -> -0.51037375 | AP10: =P10-BA10 -> -2.2667797 | AY10: =10*(BE10-BD10*((L10/10)-(M10/10))*0.00066*(1+(0.00115*(M10/10)))) -> 306.06578 | AZ10: =((AY10/10)*100)/BC10 -> 75.510374 | BA10: =(243.5*LN((AY10/10)/6.112))/(17.67-LN((AY10/10)/6.112))*10 -> 244.26678 | BC10: =6.112*2.718^((17.67*(L10/10))/((L10/10)+243.5)) -> 40.532944 | BD10: 1013.2 | BE10: =6.112*2.718^((17.67*(M10/10))/((M10/10)+243.5)) -> 33.016243
A11: 2 | B11: 13 | C11: 2 | D11: 4 | E11: 12 | F11: 14 | G11: 75 | H11: 2 | K11: 132 | L11: 291 | M11: 259 | N11: 310 | O11: 77 | P11: 246 | Q11: 2 | R11: 8 | S11: 0 | T11: 0 | U11: 1 | V11: 8 | W11: 60 | X11: 8 | AN11: =N11-AY11 -> -2.0668099 | AO11: =O11-AZ11 -> -0.4377709 | AP11: =P11-BA11 -> -1.5102495 | AY11: =10*(BE11-BD11*((L11/10)-(M11/10))*0.00066*(1+(0.00115*(M11/10)))) -> 312.06681 | AZ11: =((AY11/10)*100)/BC11 -> 77.437771 | BA11: =(243.5*LN((AY11/10)/6.112))/(17.67-LN((AY11/10)/6.112))*10 -> 247.51025 | BC11: =6.112*2.718^((17.67*(L11/10))/((L11/10)+243.5)) -> 40.299044 | BD11: 1013.2 | BE11: =6.112*2.718^((17.67*(M11/10))/((M11/10)+243.5)) -> 33.410296
A12: 3 | B12: 13 | C12: 2 | D12: 4 | E12: 11 | F12: 14 | G12: 74 | H12: 1 | I12: 5 | J12: 0 | K12: 133 | L12: 295 | M12: 254 | N12: 291 | O12: 71 | P12: 236 | Q12: 1 | R12: 1 | S12: 0 | T12: 1 | U12: 1 | V12: 8 | W12: 66 | X12: 8 | AH12: hz | AN12: =N12-AY12 -> -5.1098279 | AO12: =O12-AZ12 -> -0.79851811 | AP12: =P12-BA12 -> -2.7608321 | AY12: =10*(BE12-BD12*((L12/10)-(M12/10))*0.00066*(1+(0.00115*(M12/10)))) -> 296.10983 | AZ12: =((AY12/10)*100)/BC12 -> 71.798518 | BA12: =(243.5*LN((AY12/10)/6.112))/(17.67-LN((AY12/10)/6.112))*10 -> 238.76083 | BC12: =6.112*2.718^((17.67*(L12/10))/((L12/10)+243.5)) -> 41.241774 | BD12: 1013.2 | BE12: =6.112*2.718^((17.67*(M12/10))/((M12/10)+243.5)) -> 32.432788
A13: 4 | B13: 13 | C13: 5 | D13: 4 | E13: 11 | F13: 16 | G13: 75 | H13: 2 | K13: 136 | L13: 295 | M13: 253 | N13: 290 | O13: 70 | P13: 235 | Q13: 3 | R13: 2 | S13: 0 | T13: 8 | U13: 3 | V13: 8 | W13: 66 | X13: 8 | Y13: 3 | Z13: 2 | AA13: 780 | AN13: =N13-AY13 -> -3.5001135 | AO13: =O13-AZ13 -> -1.1657339 | AP13: =P13-BA13 -> -2.2907833 | AY13: =10*(BE13-BD13*((L13/10)-(M13/10))*0.00066*(1+(0.00115*(M13/10)))) -> 293.50011 | AZ13: =((AY13/10)*100)/BC13 -> 71.165734 | BA13: =(243.5*LN((AY13/10)/6.112))/(17.67-LN((AY13/10)/6.112))*10 -> 237.29078 | BC13: =6.112*2.718^((17.67*(L13/10))/((L13/10)+243.5)) -> 41.241774 | BD13: 1013.2 | BE13: =6.112*2.718^((17.67*(M13/10))/((M13/10)+243.5)) -> 32.240318
A14: 5 | B14: 13 | C14: 2 | D14: 4 | E14: 10 | F14: 14 | G14: 75 | H14: 2 | K14: 141 | L14: 295 | M14: 262 | N14: 311 | O14: 75 | P14: 247 | Q14: 2 | R14: 2 | S14: 0 | T14: 1 | U14: 2 | V14: 8 | W14: 75 | X14: 8 | AN14: =N14-AY14 -> -6.358495 | AO14: =O14-AZ14 -> -1.9507375 | AP14: =P14-BA14 -> -3.3253429 | AY14: =10*(BE14-BD14*((L14/10)-(M14/10))*0.00066*(1+(0.00115*(M14/10)))) -> 317.35849 | AZ14: =((AY14/10)*100)/BC14 -> 76.950738 | BA14: =(243.5*LN((AY14/10)/6.112))/(17.67-LN((AY14/10)/6.112))*10 -> 250.32534 | BC14: =6.112*2.718^((17.67*(L14/10))/((L14/10)+243.5)) -> 41.241774 | BD14: 1013.2 | BE14: =6.112*2.718^((17.67*(M14/10))/((M14/10)+243.5)) -> 34.009088
A15: 6 | B15: 13 | C15: 1 | D15: 4 | E15: 12 | F15: 18 | G15: 78 | H15: 2 | K15: 136 | L15: 293 | M15: 258 | N15: 305 | O15: 75 | P15: 243 | Q15: 1 | R15: 2 | S15: 0 | T15: 0 | U15: 1 | V15: 8 | W15: 69 | X15: 8 | AN15: =N15-AY15 -> -3.0282365 | AO15: =O15-AZ15 -> -0.55632194 | AP15: =P15-BA15 -> -2.3335396 | AY15: =10*(BE15-BD15*((L15/10)-(M15/10))*0.00066*(1+(0.00115*(M15/10)))) -> 308.02824 | AZ15: =((AY15/10)*100)/BC15 -> 75.556322 | BA15: =(243.5*LN((AY15/10)/6.112))/(17.67-LN((AY15/10)/6.112))*10 -> 245.33354 | BC15: =6.112*2.718^((17.67*(L15/10))/((L15/10)+243.5)) -> 40.76803 | BD15: 1013.2 | BE15: =6.112*2.718^((17.67*(M15/10))/((M15/10)+243.5)) -> 33.212758
A16: 7 | B16: 13 | C16: 7 | D16: 4 | E16: 11 | F16: 15 | G16: 72 | H16: 1 | I16: 5 | J16: 22 | K16: 125 | L16: 292 | M16: 252 | N16: 288 | O16: 71 | P16: 234 | Q16: 1 | R16: 2 | S16: 0 | T16: 2 | U16: 1 | V16: 8 | W16: 63 | X16: 8 | Y16: 7 | Z16: 0 | AA16: 840 | AH16: hz | AN16: =N16-AY16 -> -4.9648289 | AO16: =O16-AZ16 -> -1.278201 | AP16: =P16-BA16 -> -2.9878441 | AY16: =10*(BE16-BD16*((L16/10)-(M16/10))*0.00066*(1+(0.00115*(M16/10)))) -> 292.96483 | AZ16: =((AY16/10)*100)/BC16 -> 72.278201 | BA16: =(243.5*LN((AY16/10)/6.112))/(17.67-LN((AY16/10)/6.112))*10 -> 236.98784 | BC16: =6.112*2.718^((17.67*(L16/10))/((L16/10)+243.5)) -> 40.532944 | BD16: 1013.2 | BE16: =6.112*2.718^((17.67*(M16/10))/((M16/10)+243.5)) -> 32.048848
A17: 8 | B17: 13 | C17: 1 | D17: 4 | E17: 12 | F17: 15 | G17: 75 | H17: 2 | K17: 124 | L17: 294 | M17: 252 | N17: 287 | O17: 71 | P17: 234 | Q17: 1 | R17: 2 | S17: 0 | T17: 0 | U17: 1 | V17: 8 | W17: =24*3 -> 72 | X17: 8 | AN17: =N17-AY17 -> -4.5886464 | AO17: =O17-AZ17 -> -0.1117161 | AP17: =P17-BA17 -> -2.2067757 | AY17: =10*(BE17-BD17*((L17/10)-(M17/10))*0.00066*(1+(0.00115*(M17/10)))) -> 291.58865 | AZ17: =((AY17/10)*100)/BC17 -> 71.111716 | BA17: =(243.5*LN((AY17/10)/6.112))/(17.67-LN((AY17/10)/6.112))*10 -> 236.20678 | BC17: =6.112*2.718^((17.67*(L17/10))/((L17/10)+243.5)) -> 41.004305 | BD17: 1013.2 | BE17: =6.112*2.718^((17.67*(M17/10))/((M17/10)+243.5)) -> 32.048848
A18: 9 | B18: 13 | C18: 7 | D18: 4 | E18: 12 | F18: 18 | G18: 76 | H18: 2 | K18: 130 | L18: 295 | M18: 255 | N18: 294 | O18: 71 | P18: 237 | Q18: 2 | R18: 2 | S18: 0 | T18: 1 | U18: 2 | V18: 8 | W18: 72 | X18: 8 | Y18: 7 | Z18: 0 | AA18: 900 | AN18: =N18-AY18 -> -4.7297424 | AO18: =O18-AZ18 -> -1.4337756 | AP18: =P18-BA18 -> -3.2252583 | AY18: =10*(BE18-BD18*((L18/10)-(M18/10))*0.00066*(1+(0.00115*(M18/10)))) -> 298.72974 | AZ18: =((AY18/10)*100)/BC18 -> 72.433776 | BA18: =(243.5*LN((AY18/10)/6.112))/(17.67-LN((AY18/10)/6.112))*10 -> 240.22526 | BC18: =6.112*2.718^((17.67*(L18/10))/((L18/10)+243.5)) -> 41.241774 | BD18: 1013.2 | BE18: =6.112*2.718^((17.67*(M18/10))/((M18/10)+243.5)) -> 32.626262
A19: 10 | B19: 13 | C19: 7 | D19: 4 | E19: 11 | F19: 16 | G19: 70 | H19: 1 | I19: 5 | J19: 22 | K19: 106 | L19: 298 | M19: 260 | N19: 308 | O19: 74 | P19: 244 | Q19: 2 | R19: 2 | S19: 0 | T19: 8 | U19: 2 | V19: 8 | W19: =24*3 -> 72 | X19: 8 | AH19: hz | AN19: =N19-AY19 -> -1.917756 | AO19: =O19-AZ19 -> 0.14218472 | AP19: =P19-BA19 -> -2.3550431 | AY19: =10*(BE19-BD19*((L19/10)-(M19/10))*0.00066*(1+(0.00115*(M19/10)))) -> 309.91776 | AZ19: =((AY19/10)*100)/BC19 -> 73.857815 | BA19: =(243.5*LN((AY19/10)/6.112))/(17.67-LN((AY19/10)/6.112))*10 -> 246.35504 | BC19: =6.112*2.718^((17.67*(L19/10))/((L19/10)+243.5)) -> 41.961403 | BD19: 1013.2 | BE19: =6.112*2.718^((17.67*(M19/10))/((M19/10)+243.5)) -> 33.60886
A20: 11 | B20: 13 | C20: 6 | D20: 4 | E20: 12 | F20: 10 | G20: 68 | H20: 1 | I20: 80 | J20: 11 | K20: 102 | L20: 276 | M20: 245 | N20: 283 | O20: 76 | P20: 231 | Q20: 4 | R20: 2 | S20: 0 | T20: 2 | U20: 4 | V20: 8 | W20: 57 | X20: 8 | Y20: 5 | Z20: 0 | AA20: 840 | AH20: hz | AN20: =N20-AY20 -> -3.0478366 | AO20: =O20-AZ20 -> -1.4582405 | AP20: =P20-BA20 -> -2.0289909 | AY20: =10*(BE20-BD20*((L20/10)-(M20/10))*0.00066*(1+(0.00115*(M20/10)))) -> 286.04784 | AZ20: =((AY20/10)*100)/BC20 -> 77.458241 | BA20: =(243.5*LN((AY20/10)/6.112))/(17.67-LN((AY20/10)/6.112))*10 -> 233.02899 | BC20: =6.112*2.718^((17.67*(L20/10))/((L20/10)+243.5)) -> 36.929297 | BD20: 1013.2 | BE20: =6.112*2.718^((17.67*(M20/10))/((M20/10)+243.5)) -> 30.736198
A21: 12 | B21: 13 | C21: 7 | D21: 4 | E21: 12 | F21: 13 | G21: 75 | H21: 2 | K21: 117 | L21: 294 | M21: 247 | N21: 274 | O21: 67 | P21: 225 | Q21: 7 | R21: 8 | S21: 0 | T21: 2 | U21: 4 | V21: 8 | W21: 60 | X21: 8 | Y21: 4 | Z21: 6 | AA21: =45*3 -> 135 | AB21: 5 | AC21: 0 | AD21: 840 | AN21: =N21-AY21 -> -4.7412719 | AO21: =O21-AZ21 -> -0.97853907 | AP21: =P21-BA21 -> -3.7550309 | AY21: =10*(BE21-BD21*((L21/10)-(M21/10))*0.00066*(1+(0.00115*(M21/10)))) -> 278.74127 | AZ21: =((AY21/10)*100)/BC21 -> 67.978539 | BA21: =(243.5*LN((AY21/10)/6.112))/(17.67-LN((AY21/10)/6.112))*10 -> 228.75503 | BC21: =6.112*2.718^((17.67*(L21/10))/((L21/10)+243.5)) -> 41.004305 | BD21: 1013.2 | BE21: =6.112*2.718^((17.67*(M21/10))/((M21/10)+243.5)) -> 31.106349
A22: 13 | B22: 13 | C22: 3 | D22: 4 | E22: 8 | F22: 16 | G22: 80 | H22: 2 | K22: 130 | L22: 320 | M22: 250 | N22: 262 | O22: 55 | P22: 218 | Q22: 2 | R22: 8 | S22: 0 | T22: 2 | U22: 1 | V22: 8 | W22: 69 | X22: 8 | AN22: =N22-AY22 -> -6.5332932 | AO22: =O22-AZ22 -> -1.4358703 | AP22: =P22-BA22 -> -4.6164789 | AY22: =10*(BE22-BD22*((L22/10)-(M22/10))*0.00066*(1+(0.00115*(M22/10)))) -> 268.53329 | AZ22: =((AY22/10)*100)/BC22 -> 56.43587 | BA22: =(243.5*LN((AY22/10)/6.112))/(17.67-LN((AY22/10)/6.112))*10 -> 222.61648 | BC22: =6.112*2.718^((17.67*(L22/10))/((L22/10)+243.5)) -> 47.582024 | BD22: 1013.2 | BE22: =6.112*2.718^((17.67*(M22/10))/((M22/10)+243.5)) -> 31.668892
A23: 14 | B23: 13 | C23: 7 | D23: 4 | E23: 12 | F23: 13 | G23: 80 | H23: 2 | K23: 123 | L23: 292 | M23: 247 | N23: 275 | O23: 68 | P23: 226 | Q23: 2 | R23: 2 | S23: 0 | T23: 8 | U23: 2 | V23: 8 | W23: 66 | X23: 8 | Y23: 6 | Z23: 0 | AA23: 900 | AN23: =N23-AY23 -> -5.1166854 | AO23: =O23-AZ23 -> -1.1083983 | AP23: =P23-BA23 -> -3.5670161 | AY23: =10*(BE23-BD23*((L23/10)-(M23/10))*0.00066*(1+(0.00115*(M23/10)))) -> 280.11669 | AZ23: =((AY23/10)*100)/BC23 -> 69.108398 | BA23: =(243.5*LN((AY23/10)/6.112))/(17.67-LN((AY23/10)/6.112))*10 -> 229.56702 | BC23: =6.112*2.718^((17.67*(L23/10))/((L23/10)+243.5)) -> 40.532944 | BD23: 1013.2 | BE23: =6.112*2.718^((17.67*(M23/10))/((M23/10)+243.5)) -> 31.106349
A24: 15 | B24: 13 | C24: 5 | D24: 4 | E24: 13 | F24: 14 | G24: 75 | H24: 2 | K24: 117 | L24: 293 | M24: 250 | N24: 283 | O24: 69 | P24: 231 | Q24: 4 | R24: 2 | S24: 0 | T24: 1 | U24: 4 | V24: 8 | W24: 66 | X24: 8 | AN24: =N24-AY24 -> -4.1076049 | AO24: =O24-AZ24 -> -1.4246951 | AP24: =P24-BA24 -> -2.6409384 | AY24: =10*(BE24-BD24*((L24/10)-(M24/10))*0.00066*(1+(0.00115*(M24/10)))) -> 287.1076 | AZ24: =((AY24/10)*100)/BC24 -> 70.424695 | BA24: =(243.5*LN((AY24/10)/6.112))/(17.67-LN((AY24/10)/6.112))*10 -> 233.64094 | BC24: =6.112*2.718^((17.67*(L24/10))/((L24/10)+243.5)) -> 40.76803 | BD24: 1013.2 | BE24: =6.112*2.718^((17.67*(M24/10))/((M24/10)+243.5)) -> 31.668892
A25: 16 | B25: 13 | C25: 7 | D25: 4 | E25: 10 | F25: 8 | G25: 75 | H25: 2 | K25: 131 | L25: 308 | M25: 252 | N25: 276 | O25: 62 | P25: 227 | Q25: 4 | R25: 8 | S25: 4 | T25: 2 | U25: 3 | V25: 8 | W25: 54 | X25: 8 | Y25: 5 | Z25: 0 | AA25: 840 | AN25: =N25-AY25 -> -5.9553686 | AO25: =O25-AZ25 -> -1.44638 | AP25: =P25-BA25 -> -3.6470571 | AY25: =10*(BE25-BD25*((L25/10)-(M25/10))*0.00066*(1+(0.00115*(M25/10)))) -> 281.95537 | AZ25: =((AY25/10)*100)/BC25 -> 63.44638 | BA25: =(243.5*LN((AY25/10)/6.112))/(17.67-LN((AY25/10)/6.112))*10 -> 230.64706 | BC25: =6.112*2.718^((17.67*(L25/10))/((L25/10)+243.5)) -> 44.439946 | BD25: 1013.2 | BE25: =6.112*2.718^((17.67*(M25/10))/((M25/10)+243.5)) -> 32.048848
A26: 17 | B26: 13 | C26: 7 | D26: 4 | E26: 13 | F26: 7 | G26: 70 | H26: 1 | I26: 5 | J26: 22 | K26: 148 | L26: 278 | M26: 255 | N26: 307 | O26: 82 | P26: 245 | Q26: 7 | R26: 8 | S26: 4 | T26: 0 | U26: 1 | V26: 8 | W26: 54 | X26: 8 | Y26: 6 | Z26: 6 | AA26: 120 | AH26: hz | AN26: =N26-AY26 -> -3.431216 | AO26: =O26-AZ26 -> -1.0832781 | AP26: =P26-BA26 -> -1.6316854 | AY26: =10*(BE26-BD26*((L26/10)-(M26/10))*0.00066*(1+(0.00115*(M26/10)))) -> 310.43122 | AZ26: =((AY26/10)*100)/BC26 -> 83.083278 | BA26: =(243.5*LN((AY26/10)/6.112))/(17.67-LN((AY26/10)/6.112))*10 -> 246.63169 | BC26: =6.112*2.718^((17.67*(L26/10))/((L26/10)+243.5)) -> 37.363862 | BD26: 1013.2 | BE26: =6.112*2.718^((17.67*(M26/10))/((M26/10)+243.5)) -> 32.626262
A27: 18 | B27: 13 | C27: 7 | D27: 4 | E27: 7 | F27: 13 | G27: 70 | H27: 1 | I27: 6 | J27: 22 | K27: 147 | L27: 304 | M27: 255 | N27: 288 | O27: 66 | P27: 234 | Q27: 3 | R27: 4 | S27: 4 | T27: 0 | U27: 2 | V27: 8 | W27: 54 | X27: 8 | Y27: 7 | Z27: 3 | AA27: 210 | AH27: hz | AN27: =N27-AY27 -> -4.5348445 | AO27: =O27-AZ27 -> -1.3521791 | AP27: =P27-BA27 -> -2.7441472 | AY27: =10*(BE27-BD27*((L27/10)-(M27/10))*0.00066*(1+(0.00115*(M27/10)))) -> 292.53484 | AZ27: =((AY27/10)*100)/BC27 -> 67.352179 | BA27: =(243.5*LN((AY27/10)/6.112))/(17.67-LN((AY27/10)/6.112))*10 -> 236.74415 | BC27: =6.112*2.718^((17.67*(L27/10))/((L27/10)+243.5)) -> 43.433612 | BD27: 1013.2 | BE27: =6.112*2.718^((17.67*(M27/10))/((M27/10)+243.5)) -> 32.626262
A28: 19 | B28: 13 | C28: 6 | D28: 4 | E28: 9 | F28: 15 | G28: 65 | H28: 1 | I28: 5 | J28: 22 | K28: 128 | L28: 295 | M28: 256 | N28: 296 | O28: 72 | P28: 239 | Q28: 5 | R28: 8 | S28: 0 | T28: 1 | U28: 2 | V28: 8 | W28: 57 | X28: 8 | Y28: 4 | Z28: 6 | AA28: 120 | AH28: hz | AN28: =N28-AY28 -> -5.3599014 | AO28: =O28-AZ28 -> -1.071517 | AP28: =P28-BA28 -> -2.6841418 | AY28: =10*(BE28-BD28*((L28/10)-(M28/10))*0.00066*(1+(0.00115*(M28/10)))) -> 301.3599 | AZ28: =((AY28/10)*100)/BC28 -> 73.071517 | BA28: =(243.5*LN((AY28/10)/6.112))/(17.67-LN((AY28/10)/6.112))*10 -> 241.68414 | BC28: =6.112*2.718^((17.67*(L28/10))/((L28/10)+243.5)) -> 41.241774 | BD28: 1013.2 | BE28: =6.112*2.718^((17.67*(M28/10))/((M28/10)+243.5)) -> 32.820746
A29: 20 | B29: 13 | C29: 7 | D29: 4 | E29: 8 | F29: 15 | G29: 68 | H29: 1 | I29: 5 | J29: 22 | K29: 122 | L29: 287 | M29: 248 | N29: 281 | O29: 72 | P29: 230 | Q29: 5 | R29: 8 | S29: 4 | T29: 8 | U29: 3 | V29: 8 | W29: 60 | X29: 8 | Y29: 3 | Z29: 6 | AA29: 120 | AB29: 7 | AC29: 2 | AD29: 780 | AH29: hz | AN29: =N29-AY29 -> -5.1052711 | AO29: =O29-AZ29 -> -0.6613126 | AP29: =P29-BA29 -> -3.0622065 | AY29: =10*(BE29-BD29*((L29/10)-(M29/10))*0.00066*(1+(0.00115*(M29/10)))) -> 286.10527 | AZ29: =((AY29/10)*100)/BC29 -> 72.661313 | BA29: =(243.5*LN((AY29/10)/6.112))/(17.67-LN((AY29/10)/6.112))*10 -> 233.06221 | BC29: =6.112*2.718^((17.67*(L29/10))/((L29/10)+243.5)) -> 39.375186 | BD29: 1013.2 | BE29: =6.112*2.718^((17.67*(M29/10))/((M29/10)+243.5)) -> 31.292883
A30: 21 | B30: 13 | C30: 3 | D30: 4 | E30: 11 | F30: 14 | G30: 75 | H30: 2 | K30: 126 | L30: 291 | M30: 254 | N30: 295 | O30: 73 | P30: 238 | Q30: 1 | R30: 8 | S30: 0 | T30: 2 | U30: 1 | V30: 8 | W30: 69 | X30: 8 | AN30: =N30-AY30 -> -3.8628082 | AO30: =O30-AZ30 -> -1.1612659 | AP30: =P30-BA30 -> -2.2993361 | AY30: =10*(BE30-BD30*((L30/10)-(M30/10))*0.00066*(1+(0.00115*(M30/10)))) -> 298.86281 | AZ30: =((AY30/10)*100)/BC30 -> 74.161266 | BA30: =(243.5*LN((AY30/10)/6.112))/(17.67-LN((AY30/10)/6.112))*10 -> 240.29934 | BC30: =6.112*2.718^((17.67*(L30/10))/((L30/10)+243.5)) -> 40.299044 | BD30: 1013.2 | BE30: =6.112*2.718^((17.67*(M30/10))/((M30/10)+243.5)) -> 32.432788
A31: 22 | B31: 13 | C31: 7 | D31: 4 | E31: 6 | F31: 12 | G31: 65 | H31: 1 | I31: 15 | J31: 82 | K31: 131 | L31: 271 | M31: 250 | N31: 300 | O31: 83 | P31: 241 | Q31: 7 | R31: 8 | S31: / | T31: / | U31: 5 | V31: 8 | W31: 54 | X31: 8 | Y31: 6 | Z31: 6 | AA31: 105 | AH31: pro cont @ 12:03, jp-ne | AN31: =N31-AY31 -> -2.2422292 | AO31: =O31-AZ31 -> -1.2788824 | AP31: =P31-BA31 -> -1.1710502 | AY31: =10*(BE31-BD31*((L31/10)-(M31/10))*0.00066*(1+(0.00115*(M31/10)))) -> 302.24223 | AZ31: =((AY31/10)*100)/BC31 -> 84.278882 | BA31: =(243.5*LN((AY31/10)/6.112))/(17.67-LN((AY31/10)/6.112))*10 -> 242.17105 | BC31: =6.112*2.718^((17.67*(L31/10))/((L31/10)+243.5)) -> 35.862154 | BD31: 1013.2 | BE31: =6.112*2.718^((17.67*(M31/10))/((M31/10)+243.5)) -> 31.668892
A32: 23 | B32: 13 | C32: 6 | D32: 4 | E32: 12 | F32: 13 | G32: 70 | H32: 1 | I32: 6 | J32: 22 | K32: 119 | L32: 290 | M32: 248 | N32: 280 | O32: 70 | P32: 229 | Q32: 2 | R32: 8 | S32: 0 | T32: 0 | U32: 2 | V32: 8 | W32: 60 | X32: 8 | Y32: 6 | Z32: 0 | AA32: 840 | AH32: hz | AN32: =N32-AY32 -> -4.0419201 | AO32: =O32-AZ32 -> -0.89293534 | AP32: =P32-BA32 -> -2.8652468 | AY32: =10*(BE32-BD32*((L32/10)-(M32/10))*0.00066*(1+(0.00115*(M32/10)))) -> 284.04192 | AZ32: =((AY32/10)*100)/BC32 -> 70.892935 | BA32: =(243.5*LN((AY32/10)/6.112))/(17.67-LN((AY32/10)/6.112))*10 -> 231.86525 | BC32: =6.112*2.718^((17.67*(L32/10))/((L32/10)+243.5)) -> 40.066322 | BD32: 1013.2 | BE32: =6.112*2.718^((17.67*(M32/10))/((M32/10)+243.5)) -> 31.292883
A33: 24 | B33: 13 | C33: 7 | D33: 4 | E33: 2 | F33: 11 | G33: 58 | H33: 1 | I33: 15 | J33: 22 | K33: 117 | L33: 267 | M33: 247 | N33: 295 | O33: 84 | P33: 238 | Q33: 7 | R33: 8 | S33: 0 | T33: 2 | U33: 5 | V33: 8 | W33: 42 | X33: 8 | Y33: 4 | Z33: 6 | AA33: 114 | AH33: jp-ne,ese,w-nw hz | AN33: =N33-AY33 -> -2.3093545 | AO33: =O33-AZ33 -> -0.87775092 | AP33: =P33-BA33 -> -1.4327213 | AY33: =10*(BE33-BD33*((L33/10)-(M33/10))*0.00066*(1+(0.00115*(M33/10)))) -> 297.30935 | AZ33: =((AY33/10)*100)/BC33 -> 84.877751 | BA33: =(243.5*LN((AY33/10)/6.112))/(17.67-LN((AY33/10)/6.112))*10 -> 239.43272 | BC33: =6.112*2.718^((17.67*(L33/10))/((L33/10)+243.5)) -> 35.027949 | BD33: 1013.2 | BE33: =6.112*2.718^((17.67*(M33/10))/((M33/10)+243.5)) -> 31.106349
A34: 25 | B34: 13 | C34: 7 | D34: 4 | E34: 3 | F34: 3 | G34: 76 | H34: 1 | I34: 1 | J34: 62 | K34: 133 | L34: 278 | M34: 251 | N34: 297 | O34: 79 | P34: 239 | Q34: 7 | R34: 8 | S34: 6 | T34: 2 | U34: 2 | V34: 8 | W34: 48 | X34: 8 | Y34: 7 | Z34: 6 | AA34: 114 | AH34: ro ended @ 12:10 | AN34: =N34-AY34 -> -3.0073529 | AO34: =O34-AZ34 -> -1.2934533 | AP34: =P34-BA34 -> -1.9353156 | AY34: =10*(BE34-BD34*((L34/10)-(M34/10))*0.00066*(1+(0.00115*(M34/10)))) -> 300.00735 | AZ34: =((AY34/10)*100)/BC34 -> 80.293453 | BA34: =(243.5*LN((AY34/10)/6.112))/(17.67-LN((AY34/10)/6.112))*10 -> 240.93532 | BC34: =6.112*2.718^((17.67*(L34/10))/((L34/10)+243.5)) -> 37.363862 | BD34: 1013.2 | BE34: =6.112*2.718^((17.67*(M34/10))/((M34/10)+243.5)) -> 31.858374
A35: 26 | B35: 13 | C35: 8 | D35: 4 | E35: 99 | F35: 2 | G35: 7 | H35: 1 | I35: 81 | J35: 22 | K35: 143 | L35: 250 | M35: 245 | N35: 305 | O35: 96 | P35: 243 | Q35: 8 | R35: 4 | S35: / | T35: / | U35: 8 | V35: 8 | W35: 30 | X35: 8 | AH35: pro @ 12:10-pr @ 12:55-> ltg-12:26 hz | AN35: =N35-AY35 -> 1.0757864 | AO35: =O35-AZ35 -> 0.030675496 | AP35: =P35-BA35 -> -0.095807708 | AY35: =10*(BE35-BD35*((L35/10)-(M35/10))*0.00066*(1+(0.00115*(M35/10)))) -> 303.92421 | AZ35: =((AY35/10)*100)/BC35 -> 95.969325 | BA35: =(243.5*LN((AY35/10)/6.112))/(17.67-LN((AY35/10)/6.112))*10 -> 243.09581 | BC35: =6.112*2.718^((17.67*(L35/10))/((L35/10)+243.5)) -> 31.668892 | BD35: 1013.2 | BE35: =6.112*2.718^((17.67*(M35/10))/((M35/10)+243.5)) -> 30.736198
A36: 27 | B36: 13 | C36: 5 | D36: 4 | E36: 8 | F36: 14 | G36: 62 | H36: 1 | I36: 15 | J36: 82 | K36: 132 | L36: 275 | M36: 256 | N36: 314 | O36: 85 | P36: 248 | Q36: 4 | R36: 8 | S36: 4 | T36: 1 | U36: 4 | V36: 8 | W36: 54 | X36: 8 | AH36: pro @ 12:44-48 jp-s | AN36: =N36-AY36 -> -1.127879 | AO36: =O36-AZ36 -> -0.83392255 | AP36: =P36-BA36 -> -1.1437372 | AY36: =10*(BE36-BD36*((L36/10)-(M36/10))*0.00066*(1+(0.00115*(M36/10)))) -> 315.12788 | AZ36: =((AY36/10)*100)/BC36 -> 85.833923 | BA36: =(243.5*LN((AY36/10)/6.112))/(17.67-LN((AY36/10)/6.112))*10 -> 249.14374 | BC36: =6.112*2.718^((17.67*(L36/10))/((L36/10)+243.5)) -> 36.713676 | BD36: 1013.2 | BE36: =6.112*2.718^((17.67*(M36/10))/((M36/10)+243.5)) -> 32.820746
A37: 28 | B37: 13 | C37: 7 | D37: 4 | E37: 5 | F37: 5 | G37: 59 | H37: 1 | I37: 60 | J37: 82 | K37: 158 | L37: 255 | M37: 248 | N37: 307 | O37: 94 | P37: 245 | Q37: 7 | R37: 8 | S37: / | T37: / | U37: 5 | V37: 8 | W37: 51 | X37: 8 | Y37: 7 | Z37: 6 | AA37: 114 | AH37: pro @ 12:08->pr @ 18-> pro 26-> ro @ 40-> | AN37: =N37-AY37 -> -1.1143484 | AO37: =O37-AZ37 -> -0.43752611 | AP37: =P37-BA37 -> -0.38021213 | AY37: =10*(BE37-BD37*((L37/10)-(M37/10))*0.00066*(1+(0.00115*(M37/10)))) -> 308.11435 | AZ37: =((AY37/10)*100)/BC37 -> 94.437526 | BA37: =(243.5*LN((AY37/10)/6.112))/(17.67-LN((AY37/10)/6.112))*10 -> 245.38021 | BC37: =6.112*2.718^((17.67*(L37/10))/((L37/10)+243.5)) -> 32.626262 | BD37: 1013.2 | BE37: =6.112*2.718^((17.67*(M37/10))/((M37/10)+243.5)) -> 31.292883
A38: 29 | B38: 13 | C38: 7 | D38: 4 | E38: 11 | F38: 18 | G38: 50 | H38: 1 | I38: 80 | J38: 62 | K38: 147 | L38: 263 | M38: 253 | N38: 315 | O38: 92 | P38: 249 | Q38: 7 | R38: 8 | S38: 4 | T38: 0 | U38: 6 | V38: 8 | W38: 42 | X38: 8 | Y38: 4 | Z38: 6 | AA38: 105 | AH38: ro ended @ 12:11, pro @ 11-> cont | AN38: =N38-AY38 -> -0.52149515 | AO38: =O38-AZ38 -> -0.22872703 | AP38: =P38-BA38 -> -0.35277499 | AY38: =10*(BE38-BD38*((L38/10)-(M38/10))*0.00066*(1+(0.00115*(M38/10)))) -> 315.5215 | AZ38: =((AY38/10)*100)/BC38 -> 92.228727 | BA38: =(243.5*LN((AY38/10)/6.112))/(17.67-LN((AY38/10)/6.112))*10 -> 249.35277 | BC38: =6.112*2.718^((17.67*(L38/10))/((L38/10)+243.5)) -> 34.210761 | BD38: 1013.2 | BE38: =6.112*2.718^((17.67*(M38/10))/((M38/10)+243.5)) -> 32.240318
A39: 30 | B39: 13 | C39: 7 | D39: 4 | E39: 10 | F39: 14 | G39: 68 | H39: 1 | I39: 5 | J39: 22 | K39: 128 | L39: 287 | M39: 244 | N39: 271 | O39: 69 | P39: 224 | Q39: 4 | R39: 8 | S39: 7 | T39: 2 | U39: 2 | V39: 8 | W39: 57 | X39: 8 | Y39: 4 | Z39: 6 | AA39: 105 | AB39: 5 | AC39: 4 | AD39: 300 | AH39: hz | AN39: =N39-AY39 -> -4.9642545 | AO39: =O39-AZ39 -> -1.0858285 | AP39: =P39-BA39 -> -3.104842 | AY39: =10*(BE39-BD39*((L39/10)-(M39/10))*0.00066*(1+(0.00115*(M39/10)))) -> 275.96425 | AZ39: =((AY39/10)*100)/BC39 -> 70.085829 | BA39: =(243.5*LN((AY39/10)/6.112))/(17.67-LN((AY39/10)/6.112))*10 -> 227.10484 | BC39: =6.112*2.718^((17.67*(L39/10))/((L39/10)+243.5)) -> 39.375186 | BD39: 1013.2 | BE39: =6.112*2.718^((17.67*(M39/10))/((M39/10)+243.5)) -> 30.552573
AY40: =10*(BE40-BD40*((L40/10)-(M40/10))*0.00066*(1+(0.00115*(M40/10)))) -> 61.12 | AZ40: =((AY40/10)*100)/BC40 -> 100 | BA40: =(243.5*LN((AY40/10)/6.112))/(17.67-LN((AY40/10)/6.112))*10 -> 0 | BC40: =6.112*2.718^((17.67*(L40/10))/((L40/10)+243.5)) -> 6.112 | BD40: 1013.2 | BE40: =6.112*2.718^((17.67*(M40/10))/((M40/10)+243.5)) -> 6.112
AH41: Checked by VBA: 10:16:26 AM 3/17/2020
A42: SUM | C42: =SUM(C10:C40) -> 165 | F42: =SUM(F10:F40) -> 382 | K42: =SUM(K10:K40) -> 3895 | L42: =SUM(L10:L40) -> 8614 | M42: =SUM(M10:M40) -> 7563 | N42: =SUM(N10:N40) -> 8790 | O42: =SUM(O10:O40) -> 2244 | P42: =SUM(P10:P40) -> 7098 | Q42: =SUM(Q10:Q40) -> 114
A43: MEANS | C43: =AVERAGE(C10:C40) -> 5.5 | E43: =MODE(E10:E40) -> 12 | F43: =AVERAGE(F10:F40) -> 12.733333 | K43: =AVERAGE(K10:K40) -> 129.83333 | L43: =AVERAGE(L10:L40) -> 287.13333 | M43: =AVERAGE(M10:M40) -> 252.1 | N43: =AVERAGE(N10:N40) -> 293 | O43: =AVERAGE(O10:O40) -> 74.8 | P43: =AVERAGE(P10:P40) -> 236.6 | Q43: =AVERAGE(Q10:Q40) -> 3.8 | AN43: =AVERAGE(AN10:AN40) -> -3.6793127 | AO43: =AVERAGE(AO10:AO40) -> -0.93936636 | AP43: =AVERAGE(AP10:AP40) -> -2.3473728

Sheet 1600z
E7: WIND | L7: TEMP AND HUMIDITY | Q7: CLOUDS | U7: CLOUDS REPORTED BY 8NsChshs GROUPS | AH7: REMARKS | AN7: S.rule - Formula | AY7: Formula
A8: DAY | B8: HOUR | C8: Total cloud Amt. | D8: Wind indicator | E8: DIRECTION | F8: SPEED | G8: VISIBILITY | H8: Weather Indicator | I8: PRESENT WEATHER | J8: PAST WEATHER | K8: SEA LEVEL PRESSURE | L8: Dry Bulb | M8: Wet Bulb | N8: Vapour Pressure | O8: Relative humidity | P8: Dew Point | Q8: Total amt. Nh | R8: Form of CL | S8: Form of CM | T8: Form of CH | U8: Lowest layer | X8: 3/8 or more | AB8: 5/8 or more | AE8: Cb cloud | AN8: Vapour Pressure | AO8: Relative humidity | AP8: Dew Point | AY8: Vapour Pressure | AZ8: Relative humidity | BA8: Dew Point
U9: Amount | V9: Form | W9: Height | X9: Indicator | Y9: Amount | Z9: Form | AA9: Height | AB9: Amount | AC9: Form | AD9: Height | AE9: Amount | AF9: Form | AG9: Height | BC9: ####### | BD9: ********* | BE9: &&&&&&
A10: 1 | B10: 12 | C10: 6 | D10: 4 | E10: 12 | F10: 13 | G10: 74 | H10: 1 | I10: 6 | J10: 22 | K10: 142 | L10: 295 | M10: 255 | N10: 295 | O10: 72 | P10: 238 | Q10: 2 | R10: 2 | S10: 0 | T10: 1 | U10: 2 | V10: 8 | W10: 63 | X10: 8 | Y10: 5 | Z10: 0 | AA10: 840 | AH10: hz | AN10: =N10-AY10 -> -3.7297424 | AO10: =O10-AZ10 -> -0.43377557 | AP10: =P10-BA10 -> -2.2252583 | AY10: =10*(BE10-BD10*((L10/10)-(M10/10))*0.00066*(1+(0.00115*(M10/10)))) -> 298.72974 | AZ10: =((AY10/10)*100)/BC10 -> 72.433776 | BA10: =(243.5*LN((AY10/10)/6.112))/(17.67-LN((AY10/10)/6.112))*10 -> 240.22526 | BC10: =6.112*2.718^((17.67*(L10/10))/((L10/10)+243.5)) -> 41.241774 | BD10: 1013.2 | BE10: =6.112*2.718^((17.67*(M10/10))/((M10/10)+243.5)) -> 32.626262
A11: 2 | B11: 12 | C11: 2 | D11: 4 | E11: 11 | F11: 14 | G11: 72 | H11: 1 | I11: 15 | J11: 0 | K11: 141 | L11: 295 | M11: 255 | N11: 295 | O11: 71 | P11: 238 | Q11: 2 | R11: 8 | S11: 0 | T11: 0 | U11: 2 | V11: 8 | W11: 63 | X11: 8 | AH11: jp-ese | AN11: =N11-AY11 -> -3.7297424 | AO11: =O11-AZ11 -> -1.4337756 | AP11: =P11-BA11 -> -2.2252583 | AY11: =10*(BE11-BD11*((L11/10)-(M11/10))*0.00066*(1+(0.00115*(M11/10)))) -> 298.72974 | AZ11: =((AY11/10)*100)/BC11 -> 72.433776 | BA11: =(243.5*LN((AY11/10)/6.112))/(17.67-LN((AY11/10)/6.112))*10 -> 240.22526 | BC11: =6.112*2.718^((17.67*(L11/10))/((L11/10)+243.5)) -> 41.241774 | BD11: 1013.2 | BE11: =6.112*2.718^((17.67*(M11/10))/((M11/10)+243.5)) -> 32.626262
A12: 3 | B12: 12 | C12: 2 | D12: 4 | E12: 11 | F12: 14 | G12: 74 | H12: 1 | I12: 5 | J12: 0 | K12: 138 | L12: 294 | M12: 252 | N12: 287 | O12: 71 | P12: 234 | Q12: 1 | R12: 1 | S12: 0 | T12: 1 | U12: 1 | V12: 8 | W12: 66 | X12: 8 | AH12: hz | AN12: =N12-AY12 -> -4.5886464 | AO12: =O12-AZ12 -> -0.1117161 | AP12: =P12-BA12 -> -2.2067757 | AY12: =10*(BE12-BD12*((L12/10)-(M12/10))*0.00066*(1+(0.00115*(M12/10)))) -> 291.58865 | AZ12: =((AY12/10)*100)/BC12 -> 71.111716 | BA12: =(243.5*LN((AY12/10)/6.112))/(17.67-LN((AY12/10)/6.112))*10 -> 236.20678 | BC12: =6.112*2.718^((17.67*(L12/10))/((L12/10)+243.5)) -> 41.004305 | BD12: 1013.2 | BE12: =6.112*2.718^((17.67*(M12/10))/((M12/10)+243.5)) -> 32.048848
A13: 4 | B13: 12 | C13: 6 | D13: 4 | E13: 12 | F13: 12 | G13: 75 | H13: 2 | K13: 143 | L13: 294 | M13: 260 | N13: 310 | O13: 76 | P13: 246 | Q13: 2 | R13: 2 | S13: 0 | T13: 8 | U13: 2 | V13: 8 | W13: 66 | X13: 8 | Y13: 5 | Z13: 2 | AA13: 780 | AN13: =N13-AY13 -> -2.672582 | AO13: =O13-AZ13 -> -0.25359958 | AP13: =P13-BA13 -> -1.8346192 | AY13: =10*(BE13-BD13*((L13/10)-(M13/10))*0.00066*(1+(0.00115*(M13/10)))) -> 312.67258 | AZ13: =((AY13/10)*100)/BC13 -> 76.2536 | BA13: =(243.5*LN((AY13/10)/6.112))/(17.67-LN((AY13/10)/6.112))*10 -> 247.83462 | BC13: =6.112*2.718^((17.67*(L13/10))/((L13/10)+243.5)) -> 41.004305 | BD13: 1013.2 | BE13: =6.112*2.718^((17.67*(M13/10))/((M13/10)+243.5)) -> 33.60886
A14: 5 | B14: 12 | C14: 2 | D14: 4 | E14: 12 | F14: 13 | G14: 75 | H14: 2 | K14: 149 | L14: 294 | M14: 260 | N14: 309 | O14: 75 | P14: 246 | Q14: 2 | R14: 2 | S14: 0 | T14: 1 | U14: 2 | V14: 8 | W14: 75 | X14: 8 | AN14: =N14-AY14 -> -3.672582 | AO14: =O14-AZ14 -> -1.2535996 | AP14: =P14-BA14 -> -1.8346192 | AY14: =10*(BE14-BD14*((L14/10)-(M14/10))*0.00066*(1+(0.00115*(M14/10)))) -> 312.67258 | AZ14: =((AY14/10)*100)/BC14 -> 76.2536 | BA14: =(243.5*LN((AY14/10)/6.112))/(17.67-LN((AY14/10)/6.112))*10 -> 247.83462 | BC14: =6.112*2.718^((17.67*(L14/10))/((L14/10)+243.5)) -> 41.004305 | BD14: 1013.2 | BE14: =6.112*2.718^((17.67*(M14/10))/((M14/10)+243.5)) -> 33.60886
A15: 6 | B15: 12 | C15: 2 | D15: 4 | E15: 12 | F15: 15 | G15: 78 | H15: 2 | K15: 146 | L15: 298 | M15: 258 | N15: 300 | O15: 71 | P15: 241 | Q15: 2 | R15: 2 | S15: 0 | T15: 0 | U15: 2 | V15: 8 | W15: 69 | X15: 8 | AN15: =N15-AY15 -> -4.5854731 | AO15: =O15-AZ15 -> -1.5870563 | AP15: =P15-BA15 -> -2.4581426 | AY15: =10*(BE15-BD15*((L15/10)-(M15/10))*0.00066*(1+(0.00115*(M15/10)))) -> 304.58547 | AZ15: =((AY15/10)*100)/BC15 -> 72.587056 | BA15: =(243.5*LN((AY15/10)/6.112))/(17.67-LN((AY15/10)/6.112))*10 -> 243.45814 | BC15: =6.112*2.718^((17.67*(L15/10))/((L15/10)+243.5)) -> 41.961403 | BD15: 1013.2 | BE15: =6.112*2.718^((17.67*(M15/10))/((M15/10)+243.5)) -> 33.212758
A16: 7 | B16: 12 | C16: 6 | D16: 4 | E16: 11 | F16: 17 | G16: 70 | H16: 1 | I16: 5 | J16: 22 | K16: 133 | L16: 294 | M16: 248 | N16: 276 | O16: 67 | P16: 227 | Q16: 1 | R16: 2 | S16: 0 | T16: 2 | U16: 1 | V16: 8 | W16: 66 | X16: 8 | Y16: 6 | Z16: 0 | AA16: 840 | AH16: hz | AN16: =N16-AY16 -> -5.2907854 | AO16: =O16-AZ16 -> -1.6003064 | AP16: =P16-BA16 -> -3.2573955 | AY16: =10*(BE16-BD16*((L16/10)-(M16/10))*0.00066*(1+(0.00115*(M16/10)))) -> 281.29079 | AZ16: =((AY16/10)*100)/BC16 -> 68.600306 | BA16: =(243.5*LN((AY16/10)/6.112))/(17.67-LN((AY16/10)/6.112))*10 -> 230.2574 | BC16: =6.112*2.718^((17.67*(L16/10))/((L16/10)+243.5)) -> 41.004305 | BD16: 1013.2 | BE16: =6.112*2.718^((17.67*(M16/10))/((M16/10)+243.5)) -> 31.292883
A17: 8 | B17: 12 | C17: 1 | D17: 4 | E17: 12 | F17: 13 | G17: 75 | H17: 2 | K17: 136 | L17: 292 | M17: 251 | N17: 286 | O17: 71 | P17: 233 | Q17: 1 | R17: 2 | S17: 0 | T17: 0 | U17: 1 | V17: 8 | W17: =24*3 -> 72 | X17: 8 | AN17: =N17-AY17 -> -4.3751517 | AO17: =O17-AZ17 -> -0.63929422 | AP17: =P17-BA17 -> -2.5153594 | AY17: =10*(BE17-BD17*((L17/10)-(M17/10))*0.00066*(1+(0.00115*(M17/10)))) -> 290.37515 | AZ17: =((AY17/10)*100)/BC17 -> 71.639294 | BA17: =(243.5*LN((AY17/10)/6.112))/(17.67-LN((AY17/10)/6.112))*10 -> 235.51536 | BC17: =6.112*2.718^((17.67*(L17/10))/((L17/10)+243.5)) -> 40.532944 | BD17: 1013.2 | BE17: =6.112*2.718^((17.67*(M17/10))/((M17/10)+243.5)) -> 31.858374
A18: 9 | B18: 12 | C18: 4 | D18: 4 | E18: 11 | F18: 16 | G18: 76 | H18: 2 | K18: 138 | L18: 290 | M18: 255 | N18: 299 | O18: 74 | P18: 240 | Q18: 3 | R18: 2 | S18: 0 | T18: 1 | U18: 3 | V18: 8 | W18: 66 | X18: 8 | Y18: 3 | Z18: 0 | AA18: 900 | AN18: =N18-AY18 -> -3.1713523 | AO18: =O18-AZ18 -> -1.4177909 | AP18: =P18-BA18 -> -2.1319831 | AY18: =10*(BE18-BD18*((L18/10)-(M18/10))*0.00066*(1+(0.00115*(M18/10)))) -> 302.17135 | AZ18: =((AY18/10)*100)/BC18 -> 75.417791 | BA18: =(243.5*LN((AY18/10)/6.112))/(17.67-LN((AY18/10)/6.112))*10 -> 242.13198 | BC18: =6.112*2.718^((17.67*(L18/10))/((L18/10)+243.5)) -> 40.066322 | BD18: 1013.2 | BE18: =6.112*2.718^((17.67*(M18/10))/((M18/10)+243.5)) -> 32.626262
A19: 10 | B19: 12 | C19: 7 | D19: 4 | E19: 10 | F19: 16 | G19: 70 | H19: 1 | I19: 5 | J19: 22 | K19: 114 | L19: 298 | M19: 260 | N19: 308 | O19: 74 | P19: 244 | Q19: 2 | R19: 2 | S19: 0 | T19: 8 | U19: 2 | V19: 8 | W19: 69 | X19: 8 | Y19: 7 | Z19: 2 | AA19: 840 | AH19: hz | AN19: =N19-AY19 -> -1.917756 | AO19: =O19-AZ19 -> 0.14218472 | AP19: =P19-BA19 -> -2.3550431 | AY19: =10*(BE19-BD19*((L19/10)-(M19/10))*0.00066*(1+(0.00115*(M19/10)))) -> 309.91776 | AZ19: =((AY19/10)*100)/BC19 -> 73.857815 | BA19: =(243.5*LN((AY19/10)/6.112))/(17.67-LN((AY19/10)/6.112))*10 -> 246.35504 | BC19: =6.112*2.718^((17.67*(L19/10))/((L19/10)+243.5)) -> 41.961403 | BD19: 1013.2 | BE19: =6.112*2.718^((17.67*(M19/10))/((M19/10)+243.5)) -> 33.60886
A20: 11 | B20: 12 | C20: 4 | D20: 4 | E20: 14 | F20: 12 | G20: 70 | H20: 1 | I20: 5 | J20: 11 | K20: 106 | L20: 298 | M20: 256 | N20: 295 | O20: 70 | P20: 238 | Q20: 2 | R20: 2 | S20: 0 | T20: 1 | U20: 2 | V20: 8 | W20: 60 | X20: 8 | Y20: 4 | Z20: 0 | AA20: 840 | AH20: hz | AN20: =N20-AY20 -> -4.2947047 | AO20: =O20-AZ20 -> -1.3261909 | AP20: =P20-BA20 -> -2.5395746 | AY20: =10*(BE20-BD20*((L20/10)-(M20/10))*0.00066*(1+(0.00115*(M20/10)))) -> 299.2947 | AZ20: =((AY20/10)*100)/BC20 -> 71.326191 | BA20: =(243.5*LN((AY20/10)/6.112))/(17.67-LN((AY20/10)/6.112))*10 -> 240.53957 | BC20: =6.112*2.718^((17.67*(L20/10))/((L20/10)+243.5)) -> 41.961403 | BD20: 1013.2 | BE20: =6.112*2.718^((17.67*(M20/10))/((M20/10)+243.5)) -> 32.820746
A21: 12 | B21: 12 | C21: 7 | D21: 4 | E21: 6 | F21: 11 | G21: 75 | H21: 2 | K21: 122 | L21: 294 | M21: 250 | N21: 284 | O21: 69 | P21: 231 | Q21: 6 | R21: 8 | S21: 0 | T21: 2 | U21: 5 | V21: 8 | W21: 60 | X21: 8 | Y21: 5 | Z21: 0 | AA21: 840 | AN21: =N21-AY21 -> -2.4196674 | AO21: =O21-AZ21 -> -0.85112187 | AP21: =P21-BA21 -> -2.2439249 | AY21: =10*(BE21-BD21*((L21/10)-(M21/10))*0.00066*(1+(0.00115*(M21/10)))) -> 286.41967 | AZ21: =((AY21/10)*100)/BC21 -> 69.851122 | BA21: =(243.5*LN((AY21/10)/6.112))/(17.67-LN((AY21/10)/6.112))*10 -> 233.24392 | BC21: =6.112*2.718^((17.67*(L21/10))/((L21/10)+243.5)) -> 41.004305 | BD21: 1013.2 | BE21: =6.112*2.718^((17.67*(M21/10))/((M21/10)+243.5)) -> 31.668892
A22: 13 | B22: 12 | C22: 2 | D22: 4 | E22: 9 | F22: 16 | G22: 80 | H22: 2 | K22: 136 | L22: 312 | M22: 248 | N22: 264 | O22: 58 | P22: 219 | Q22: 2 | R22: 8 | S22: 0 | T22: 2 | U22: 1 | V22: 8 | W22: 69 | X22: 8 | AN22: =N22-AY22 -> -4.9106794 | AO22: =O22-AZ22 -> -1.1447133 | AP22: =P22-BA22 -> -3.8470313 | AY22: =10*(BE22-BD22*((L22/10)-(M22/10))*0.00066*(1+(0.00115*(M22/10)))) -> 268.91068 | AZ22: =((AY22/10)*100)/BC22 -> 59.144713 | BA22: =(243.5*LN((AY22/10)/6.112))/(17.67-LN((AY22/10)/6.112))*10 -> 222.84703 | BC22: =6.112*2.718^((17.67*(L22/10))/((L22/10)+243.5)) -> 45.466562 | BD22: 1013.2 | BE22: =6.112*2.718^((17.67*(M22/10))/((M22/10)+243.5)) -> 31.292883
A23: 14 | B23: 12 | C23: 6 | D23: 4 | E23: 99 | F23: 5 | G23: 80 | H23: 2 | K23: 135 | L23: 291 | M23: 241 | N23: 260 | O23: 64 | P23: 217 | Q23: 2 | R23: 2 | S23: 0 | T23: 8 | U23: 2 | V23: 8 | W23: 66 | X23: 8 | Y23: 5 | Z23: 0 | AA23: 900 | AN23: =N23-AY23 -> -5.7121937 | AO23: =O23-AZ23 -> -1.9351118 | AP23: =P23-BA23 -> -3.8839621 | AY23: =10*(BE23-BD23*((L23/10)-(M23/10))*0.00066*(1+(0.00115*(M23/10)))) -> 265.71219 | AZ23: =((AY23/10)*100)/BC23 -> 65.935112 | BA23: =(243.5*LN((AY23/10)/6.112))/(17.67-LN((AY23/10)/6.112))*10 -> 220.88396 | BC23: =6.112*2.718^((17.67*(L23/10))/((L23/10)+243.5)) -> 40.299044 | BD23: 1013.2 | BE23: =6.112*2.718^((17.67*(M23/10))/((M23/10)+243.5)) -> 30.007446
A24: 15 | B24: 12 | C24: 6 | D24: 4 | E24: 99 | F24: 2 | G24: 72 | H24: 1 | I24: 5 | J24: 22 | K24: 130 | L24: 284 | M24: 244 | N24: 275 | O24: 71 | P24: 226 | Q24: 6 | R24: 8 | S24: 0 | T24: 1 | U24: 6 | V24: 8 | W24: 63 | X24: 8 | AH24: hz | AN24: =N24-AY24 -> -3.0266827 | AO24: =O24-AZ24 -> -0.85175729 | AP24: =P24-BA24 -> -2.3317813 | AY24: =10*(BE24-BD24*((L24/10)-(M24/10))*0.00066*(1+(0.00115*(M24/10)))) -> 278.02668 | AZ24: =((AY24/10)*100)/BC24 -> 71.851757 | BA24: =(243.5*LN((AY24/10)/6.112))/(17.67-LN((AY24/10)/6.112))*10 -> 228.33178 | BC24: =6.112*2.718^((17.67*(L24/10))/((L24/10)+243.5)) -> 38.694486 | BD24: 1013.2 | BE24: =6.112*2.718^((17.67*(M24/10))/((M24/10)+243.5)) -> 30.552573
A25: 16 | B25: 12 | C25: 6 | D25: 4 | E25: 12 | F25: 10 | G25: 75 | H25: 2 | K25: 139 | L25: 310 | M25: 248 | N25: 268 | O25: 59 | P25: 221 | Q25: 2 | R25: 8 | S25: 4 | T25: 2 | U25: 1 | V25: 8 | W25: 69 | X25: 8 | Y25: 5 | Z25: 0 | AA25: 840 | AN25: =N25-AY25 -> -2.2862468 | AO25: =O25-AZ25 -> -1.1294892 | AP25: =P25-BA25 -> -2.684998 | AY25: =10*(BE25-BD25*((L25/10)-(M25/10))*0.00066*(1+(0.00115*(M25/10)))) -> 270.28625 | AZ25: =((AY25/10)*100)/BC25 -> 60.129489 | BA25: =(243.5*LN((AY25/10)/6.112))/(17.67-LN((AY25/10)/6.112))*10 -> 223.685 | BC25: =6.112*2.718^((17.67*(L25/10))/((L25/10)+243.5)) -> 44.950697 | BD25: 1013.2 | BE25: =6.112*2.718^((17.67*(M25/10))/((M25/10)+243.5)) -> 31.292883
A26: 17 | B26: 12 | C26: 7 | D26: 4 | E26: 12 | F26: 7 | G26: 70 | H26: 1 | I26: 5 | J26: 22 | K26: 157 | L26: 271 | M26: 252 | N26: 306 | O26: 85 | P26: 244 | Q26: 7 | R26: 8 | S26: 4 | T26: 0 | U26: 1 | V26: 8 | W26: 48 | X26: 8 | Y26: 6 | Z26: 6 | AA26: 120 | AH26: hz | AN26: =N26-AY26 -> -1.4147457 | AO26: =O26-AZ26 -> -0.72121527 | AP26: =P26-BA26 -> -1.0006972 | AY26: =10*(BE26-BD26*((L26/10)-(M26/10))*0.00066*(1+(0.00115*(M26/10)))) -> 307.41475 | AZ26: =((AY26/10)*100)/BC26 -> 85.721215 | BA26: =(243.5*LN((AY26/10)/6.112))/(17.67-LN((AY26/10)/6.112))*10 -> 245.0007 | BC26: =6.112*2.718^((17.67*(L26/10))/((L26/10)+243.5)) -> 35.862154 | BD26: 1013.2 | BE26: =6.112*2.718^((17.67*(M26/10))/((M26/10)+243.5)) -> 32.048848
A27: 18 | B27: 12 | C27: 7 | D27: 4 | E27: 10 | F27: 12 | G27: 62 | H27: 1 | I27: 15 | J27: 22 | K27: 154 | L27: 296 | M27: 261 | N27: 311 | O27: 75 | P27: 247 | Q27: 5 | R27: 4 | S27: 6 | T27: 0 | U27: 3 | V27: 8 | W27: 48 | X27: 8 | Y27: 3 | Z27: 6 | AA27: 120 | AB27: 5 | AC27: 3 | AD27: 210 | AH27: jo-se hz | AN27: =N27-AY27 -> -2.9771448 | AO27: =O27-AZ27 -> -0.69281215 | AP27: =P27-BA27 -> -1.5313032 | AY27: =10*(BE27-BD27*((L27/10)-(M27/10))*0.00066*(1+(0.00115*(M27/10)))) -> 313.97714 | AZ27: =((AY27/10)*100)/BC27 -> 75.692812 | BA27: =(243.5*LN((AY27/10)/6.112))/(17.67-LN((AY27/10)/6.112))*10 -> 248.5313 | BC27: =6.112*2.718^((17.67*(L27/10))/((L27/10)+243.5)) -> 41.480444 | BD27: 1013.2 | BE27: =6.112*2.718^((17.67*(M27/10))/((M27/10)+243.5)) -> 33.808456
A28: 19 | B28: 12 | C28: 6 | D28: 4 | E28: 8 | F28: 19 | G28: 65 | H28: 1 | I28: 5 | J28: 82 | K28: 138 | L28: 293 | M28: 255 | N28: 296 | O28: 73 | P28: 239 | Q28: 4 | R28: 8 | S28: 0 | T28: 1 | U28: 3 | V28: 8 | W28: 57 | X28: 8 | Y28: 3 | Z28: 6 | AA28: 120 | AH28: pro ended @ 11:08 | AN28: =N28-AY28 -> -4.1063863 | AO28: =O28-AZ28 -> -0.61316935 | AP28: =P28-BA28 -> -1.9902447 | AY28: =10*(BE28-BD28*((L28/10)-(M28/10))*0.00066*(1+(0.00115*(M28/10)))) -> 300.10639 | AZ28: =((AY28/10)*100)/BC28 -> 73.613169 | BA28: =(243.5*LN((AY28/10)/6.112))/(17.67-LN((AY28/10)/6.112))*10 -> 240.99024 | BC28: =6.112*2.718^((17.67*(L28/10))/((L28/10)+243.5)) -> 40.76803 | BD28: 1013.2 | BE28: =6.112*2.718^((17.67*(M28/10))/((M28/10)+243.5)) -> 32.626262
A29: 20 | B29: 12 | C29: 7 | D29: 4 | E29: 10 | F29: 12 | G29: 68 | H29: 1 | I29: 5 | J29: 22 | K29: 131 | L29: 292 | M29: 250 | N29: 283 | O29: 70 | P29: 231 | Q29: 5 | R29: 8 | S29: 7 | T29: 8 | U29: 2 | V29: 8 | W29: 54 | X29: 8 | Y29: 4 | Z29: 6 | AA29: 120 | AB29: 7 | AC29: 2 | AD29: 780 | AH29: hz | AN29: =N29-AY29 -> -4.7955424 | AO29: =O29-AZ29 -> -1.0028713 | AP29: =P29-BA29 -> -3.0371195 | AY29: =10*(BE29-BD29*((L29/10)-(M29/10))*0.00066*(1+(0.00115*(M29/10)))) -> 287.79554 | AZ29: =((AY29/10)*100)/BC29 -> 71.002871 | BA29: =(243.5*LN((AY29/10)/6.112))/(17.67-LN((AY29/10)/6.112))*10 -> 234.03712 | BC29: =6.112*2.718^((17.67*(L29/10))/((L29/10)+243.5)) -> 40.532944 | BD29: 1013.2 | BE29: =6.112*2.718^((17.67*(M29/10))/((M29/10)+243.5)) -> 31.668892
A30: 21 | B30: 12 | C30: 2 | D30: 4 | E30: 10 | F30: 14 | G30: 75 | H30: 2 | K30: 131 | L30: 292 | M30: 257 | N30: 301 | O30: 75 | P30: 242 | Q30: 1 | R30: 8 | S30: 0 | T30: 2 | U30: 1 | V30: 8 | W30: 69 | X30: 8 | AN30: =N30-AY30 -> -5.0657767 | AO30: =O30-AZ30 -> -0.51037375 | AP30: =P30-BA30 -> -2.2667797 | AY30: =10*(BE30-BD30*((L30/10)-(M30/10))*0.00066*(1+(0.00115*(M30/10)))) -> 306.06578 | AZ30: =((AY30/10)*100)/BC30 -> 75.510374 | BA30: =(243.5*LN((AY30/10)/6.112))/(17.67-LN((AY30/10)/6.112))*10 -> 244.26678 | BC30: =6.112*2.718^((17.67*(L30/10))/((L30/10)+243.5)) -> 40.532944 | BD30: 1013.2 | BE30: =6.112*2.718^((17.67*(M30/10))/((M30/10)+243.5)) -> 33.016243
A31: 22 | B31: 12 | C31: 7 | D31: 4 | E31: 9 | F31: 16 | G31: 68 | H31: 1 | I31: 80 | J31: 22 | K31: 139 | L31: 291 | M31: 258 | N31: 306 | O31: 76 | P31: 244 | Q31: 7 | R31: 8 | S31: / | T31: / | U31: 5 | V31: 8 | W31: 57 | X31: 8 | Y31: 6 | Z31: 6 | AA31: 108 | AH31: pro @ 11:56 | AN31: =N31-AY31 -> -3.4053419 | AO31: =O31-AZ31 -> -0.77734134 | AP31: =P31-BA31 -> -2.078564 | AY31: =10*(BE31-BD31*((L31/10)-(M31/10))*0.00066*(1+(0.00115*(M31/10)))) -> 309.40534 | AZ31: =((AY31/10)*100)/BC31 -> 76.777341 | BA31: =(243.5*LN((AY31/10)/6.112))/(17.67-LN((AY31/10)/6.112))*10 -> 246.07856 | BC31: =6.112*2.718^((17.67*(L31/10))/((L31/10)+243.5)) -> 40.299044 | BD31: 1013.2 | BE31: =6.112*2.718^((17.67*(M31/10))/((M31/10)+243.5)) -> 33.212758
A32: 23 | B32: 12 | C32: 7 | D32: 4 | E32: 11 | F32: 12 | G32: 72 | H32: 1 | I32: 6 | J32: 22 | K32: 126 | L32: 290 | M32: 255 | N32: 299 | O32: 74 | P32: 240 | Q32: 3 | R32: 8 | S32: 3 | T32: 2 | U32: 3 | V32: 8 | W32: 60 | X32: 8 | Y32: 6 | Z32: 0 | AA32: 840 | AH32: hz | AN32: =N32-AY32 -> -3.1713523 | AO32: =O32-AZ32 -> -1.4177909 | AP32: =P32-BA32 -> -2.1319831 | AY32: =10*(BE32-BD32*((L32/10)-(M32/10))*0.00066*(1+(0.00115*(M32/10)))) -> 302.17135 | AZ32: =((AY32/10)*100)/BC32 -> 75.417791 | BA32: =(243.5*LN((AY32/10)/6.112))/(17.67-LN((AY32/10)/6.112))*10 -> 242.13198 | BC32: =6.112*2.718^((17.67*(L32/10))/((L32/10)+243.5)) -> 40.066322 | BD32: 1013.2 | BE32: =6.112*2.718^((17.67*(M32/10))/((M32/10)+243.5)) -> 32.626262
A33: 24 | B33: 12 | C33: 7 | D33: 4 | E33: 11 | F33: 12 | G33: 65 | H33: 1 | I33: 15 | J33: 22 | K33: 122 | L33: 282 | M33: 255 | N33: 304 | O33: 79 | P33: 243 | Q33: 7 | R33: 8 | S33: 0 | T33: 2 | U33: 5 | V33: 8 | W33: 48 | X33: 8 | Y33: 5 | Z33: 6 | AA33: 105 | AH33: jp-nw | AN33: =N33-AY33 -> -3.6779281 | AO33: =O33-AZ33 -> -1.4462074 | AP33: =P33-BA33 -> -2.1435549 | AY33: =10*(BE33-BD33*((L33/10)-(M33/10))*0.00066*(1+(0.00115*(M33/10)))) -> 307.67793 | AZ33: =((AY33/10)*100)/BC33 -> 80.446207 | BA33: =(243.5*LN((AY33/10)/6.112))/(17.67-LN((AY33/10)/6.112))*10 -> 245.14355 | BC33: =6.112*2.718^((17.67*(L33/10))/((L33/10)+243.5)) -> 38.246418 | BD33: 1013.2 | BE33: =6.112*2.718^((17.67*(M33/10))/((M33/10)+243.5)) -> 32.626262
A34: 25 | B34: 12 | C34: 8 | D34: 4 | E34: 7 | F34: 10 | G34: 66 | H34: 1 | I34: 60 | J34: 82 | K34: 141 | L34: 250 | M34: 240 | N34: 291 | O34: 92 | P34: 236 | Q34: 8 | R34: 8 | S34: / | T34: / | U34: 5 | V34: 8 | W34: 36 | X34: 8 | Y34: 8 | Z34: 6 | AA34: 105 | AH34: pro @ 11:10-ro @ 30-> cont | AN34: =N34-AY34 -> -0.40471263 | AO34: =O34-AZ34 -> -0.016075657 | AP34: =P34-BA34 -> -0.10213748 | AY34: =10*(BE34-BD34*((L34/10)-(M34/10))*0.00066*(1+(0.00115*(M34/10)))) -> 291.40471 | AZ34: =((AY34/10)*100)/BC34 -> 92.016076 | BA34: =(243.5*LN((AY34/10)/6.112))/(17.67-LN((AY34/10)/6.112))*10 -> 236.10214 | BC34: =6.112*2.718^((17.67*(L34/10))/((L34/10)+243.5)) -> 31.668892 | BD34: 1013.2 | BE34: =6.112*2.718^((17.67*(M34/10))/((M34/10)+243.5)) -> 29.82764
A35: 26 | B35: 12 | C35: 6 | D35: 4 | E35: 11 | F35: 12 | G35: 59 | H35: 1 | I35: 15 | J35: 81 | K35: 145 | L35: 280 | M35: 254 | N35: 304 | O35: 80 | P35: 243 | Q35: 6 | R35: 4 | S35: 0 | T35: 0 | U35: 6 | V35: 8 | W35: 54 | X35: 8 | AH35: pro @ 11:24-41, jp-ne,n hz | AN35: =N35-AY35 -> -2.433504 | AO35: =O35-AZ35 -> -1.0608676 | AP35: =P35-BA35 -> -1.4671251 | AY35: =10*(BE35-BD35*((L35/10)-(M35/10))*0.00066*(1+(0.00115*(M35/10)))) -> 306.4335 | AZ35: =((AY35/10)*100)/BC35 -> 81.060868 | BA35: =(243.5*LN((AY35/10)/6.112))/(17.67-LN((AY35/10)/6.112))*10 -> 244.46713 | BC35: =6.112*2.718^((17.67*(L35/10))/((L35/10)+243.5)) -> 37.80289 | BD35: 1013.2 | BE35: =6.112*2.718^((17.67*(M35/10))/((M35/10)+243.5)) -> 32.432788
A36: 27 | B36: 12 | C36: 5 | D36: 4 | E36: 9 | F36: 17 | G36: 68 | H36: 1 | I36: 5 | J36: 22 | K36: 137 | L36: 296 | M36: 259 | N36: 304 | O36: 73 | P36: 243 | Q36: 3 | R36: 8 | S36: 4 | T36: 1 | U36: 2 | V36: 8 | W36: 57 | X36: 8 | AH36: hz | AN36: =N36-AY36 -> -4.623662 | AO36: =O36-AZ36 -> -1.4022081 | AP36: =P36-BA36 -> -2.6560263 | AY36: =10*(BE36-BD36*((L36/10)-(M36/10))*0.00066*(1+(0.00115*(M36/10)))) -> 308.62366 | AZ36: =((AY36/10)*100)/BC36 -> 74.402208 | BA36: =(243.5*LN((AY36/10)/6.112))/(17.67-LN((AY36/10)/6.112))*10 -> 245.65603 | BC36: =6.112*2.718^((17.67*(L36/10))/((L36/10)+243.5)) -> 41.480444 | BD36: 1013.2 | BE36: =6.112*2.718^((17.67*(M36/10))/((M36/10)+243.5)) -> 33.410296
A37: 28 | B37: 12 | C37: 8 | D37: 4 | E37: 8 | F37: 10 | G37: 56 | H37: 1 | I37: 60 | J37: 82 | K37: 168 | L37: 257 | M37: 245 | N37: 300 | O37: 90 | P37: 240 | Q37: 8 | R37: 8 | S37: / | T37: / | U37: 4 | V37: 8 | W37: 51 | X37: 8 | Y37: 8 | Z37: 6 | AA37: 114 | AH37: pro @ 11:25 changed to ro @ 43->58 | AN37: =N37-AY37 -> 0.88865717 | AO37: =O37-AZ37 -> -0.59520903 | AP37: =P37-BA37 -> -0.43761834 | AY37: =10*(BE37-BD37*((L37/10)-(M37/10))*0.00066*(1+(0.00115*(M37/10)))) -> 299.11134 | AZ37: =((AY37/10)*100)/BC37 -> 90.595209 | BA37: =(243.5*LN((AY37/10)/6.112))/(17.67-LN((AY37/10)/6.112))*10 -> 240.43762 | BC37: =6.112*2.718^((17.67*(L37/10))/((L37/10)+243.5)) -> 33.016243 | BD37: 1013.2 | BE37: =6.112*2.718^((17.67*(M37/10))/((M37/10)+243.5)) -> 30.736198
A38: 29 | B38: 12 | C38: 7 | D38: 4 | E38: 6 | F38: 15 | G38: 64 | H38: 1 | I38: 60 | J38: 62 | K38: 152 | L38: 274 | M38: 248 | N38: 294 | O38: 80 | P38: 237 | Q38: 7 | R38: 8 | S38: 7 | T38: 0 | U38: 3 | V38: 8 | W38: 45 | X38: 8 | Y38: 7 | Z38: 6 | AA38: 105 | AH38: roro ended @ 11:25, ro @ 48-> cont | AN38: =N38-AY38 -> -1.0464587 | AO38: =O38-AZ38 -> -0.83651667 | AP38: =P38-BA38 -> -1.1632127 | AY38: =10*(BE38-BD38*((L38/10)-(M38/10))*0.00066*(1+(0.00115*(M38/10)))) -> 295.04646 | AZ38: =((AY38/10)*100)/BC38 -> 80.836517 | BA38: =(243.5*LN((AY38/10)/6.112))/(17.67-LN((AY38/10)/6.112))*10 -> 238.16321 | BC38: =6.112*2.718^((17.67*(L38/10))/((L38/10)+243.5)) -> 36.499155 | BD38: 1013.2 | BE38: =6.112*2.718^((17.67*(M38/10))/((M38/10)+243.5)) -> 31.292883
A39: 30 | B39: 12 | C39: 7 | D39: 4 | E39: 8 | F39: 12 | G39: 68 | H39: 1 | I39: 5 | J39: 22 | K39: 137 | L39: 288 | M39: 245 | N39: 272 | O39: 69 | P39: 225 | Q39: 4 | R39: 8 | S39: 7 | T39: 2 | U39: 2 | V39: 8 | W39: 57 | X39: 8 | Y39: 4 | Z39: 6 | AA39: 105 | AB39: 5 | AC39: 4 | AD39: 300 | AH39: hz | AN39: =N39-AY39 -> -5.7972011 | AO39: =O39-AZ39 -> -1.143017 | AP39: =P39-BA39 -> -3.1956577 | AY39: =10*(BE39-BD39*((L39/10)-(M39/10))*0.00066*(1+(0.00115*(M39/10)))) -> 277.7972 | AZ39: =((AY39/10)*100)/BC39 -> 70.143017 | BA39: =(243.5*LN((AY39/10)/6.112))/(17.67-LN((AY39/10)/6.112))*10 -> 228.19566 | BC39: =6.112*2.718^((17.67*(L39/10))/((L39/10)+243.5)) -> 39.604399 | BD39: 1013.2 | BE39: =6.112*2.718^((17.67*(M39/10))/((M39/10)+243.5)) -> 30.736198
AY40: =10*(BE40-BD40*((L40/10)-(M40/10))*0.00066*(1+(0.00115*(M40/10)))) -> 61.12 | AZ40: =((AY40/10)*100)/BC40 -> 100 | BA40: =(243.5*LN((AY40/10)/6.112))/(17.67-LN((AY40/10)/6.112))*10 -> 0 | BC40: =6.112*2.718^((17.67*(L40/10))/((L40/10)+243.5)) -> 6.112 | BD40: 1013.2 | BE40: =6.112*2.718^((17.67*(M40/10))/((M40/10)+243.5)) -> 6.112
AH41: Checked by VBA: 10:16:27 AM 3/17/2020
A42: SUM | C42: =SUM(C10:C40) -> 160 | F42: =SUM(F10:F40) -> 379 | K42: =SUM(K10:K40) -> 4126 | L42: =SUM(L10:L40) -> 8685 | M42: =SUM(M10:M40) -> 7575 | N42: =SUM(N10:N40) -> 8782 | O42: =SUM(O10:O40) -> 2204 | P42: =SUM(P10:P40) -> 7093 | Q42: =SUM(Q10:Q40) -> 113
A43: MEANS | C43: =AVERAGE(C10:C40) -> 5.3333333 | E43: =MODE(E10:E40) -> 12 | F43: =AVERAGE(F10:F40) -> 12.633333 | K43: =AVERAGE(K10:K40) -> 137.53333 | L43: =AVERAGE(L10:L40) -> 289.5 | M43: =AVERAGE(M10:M40) -> 252.5 | N43: =AVERAGE(N10:N40) -> 292.73333 | O43: =AVERAGE(O10:O40) -> 73.466667 | P43: =AVERAGE(P10:P40) -> 236.43333 | Q43: =AVERAGE(Q10:Q40) -> 3.7666667 | AN43: =AVERAGE(AN10:AN40) -> -3.4138363 | AO43: =AVERAGE(AO10:AO40) -> -0.93542631 | AP43: =AVERAGE(AP10:AP40) -> -2.1925917

Sheet 1500z
E7: WIND | L7: TEMP AND HUMIDITY | Q7: CLOUDS | U7: CLOUDS REPORTED BY 8NsChshs GROUPS | AH7: REMARKS | AN7: S.rule - Formula | AY7: Formula
A8: DAY | B8: HOUR | C8: Total cloud Amt. | D8: Wind indicator | E8: DIRECTION | F8: SPEED | G8: VISIBILITY | H8: Weather Indicator | I8: PRESENT WEATHER | J8: PAST WEATHER | K8: SEA LEVEL PRESSURE | L8: Dry Bulb | M8: Wet Bulb | N8: Vapour Pressure | O8: Relative humidity | P8: Dew Point | Q8: Total amt. Nh | R8: Form of CL | S8: Form of CM | T8: Form of CH | U8: Lowest layer | X8: 3/8 or more | AB8: 5/8 or more | AE8: Cb cloud | AN8: Vapour Pressure | AO8: Relative humidity | AP8: Dew Point | AY8: Vapour Pressure | AZ8: Relative humidity | BA8: Dew Point
U9: Amount | V9: Form | W9: Height | X9: Indicator | Y9: Amount | Z9: Form | AA9: Height | AB9: Amount | AC9: Form | AD9: Height | AE9: Amount | AF9: Form | AG9: Height | BC9: ####### | BD9: ********* | BE9: &&&&&&
A10: 1 | B10: 11 | C10: 7 | D10: 4 | E10: 12 | F10: 16 | G10: 74 | H10: 1 | I10: 6 | J10: 22 | K10: 147 | L10: 296 | M10: 262 | N10: 313 | O10: 76 | P10: 248 | Q10: 4 | R10: 2 | S10: 0 | T10: 8 | U10: 4 | V10: 8 | W10: 66 | X10: 8 | Y10: 6 | Z10: 2 | AA10: 840 | AH10: hz | AN10: =N10-AY10 -> -3.6696347 | AO10: =O10-AZ10 -> -0.34191076 | AP10: =P10-BA10 -> -1.9612165 | AY10: =10*(BE10-BD10*((L10/10)-(M10/10))*0.00066*(1+(0.00115*(M10/10)))) -> 316.66963 | AZ10: =((AY10/10)*100)/BC10 -> 76.341911 | BA10: =(243.5*LN((AY10/10)/6.112))/(17.67-LN((AY10/10)/6.112))*10 -> 249.96122 | BC10: =6.112*2.718^((17.67*(L10/10))/((L10/10)+243.5)) -> 41.480444 | BD10: 1013.2 | BE10: =6.112*2.718^((17.67*(M10/10))/((M10/10)+243.5)) -> 34.009088
A11: 2 | B11: 11 | C11: 2 | D11: 4 | E11: 11 | F11: 15 | G11: 72 | H11: 1 | I11: 6 | J11: 11 | K11: 147 | L11: 295 | M11: 249 | N11: 278 | O11: 67 | P11: 228 | Q11: 2 | R11: 8 | S11: 0 | T11: 0 | U11: 2 | V11: 8 | W11: 63 | X11: 8 | AH11: hz | AN11: =N11-AY11 -> -5.1623755 | AO11: =O11-AZ11 -> -1.6591158 | AP11: =P11-BA11 -> -3.352702 | AY11: =10*(BE11-BD11*((L11/10)-(M11/10))*0.00066*(1+(0.00115*(M11/10)))) -> 283.16238 | AZ11: =((AY11/10)*100)/BC11 -> 68.659116 | BA11: =(243.5*LN((AY11/10)/6.112))/(17.67-LN((AY11/10)/6.112))*10 -> 231.3527 | BC11: =6.112*2.718^((17.67*(L11/10))/((L11/10)+243.5)) -> 41.241774 | BD11: 1013.2 | BE11: =6.112*2.718^((17.67*(M11/10))/((M11/10)+243.5)) -> 31.480396
A12: 3 | B12: 11 | C12: 2 | D12: 4 | E12: 11 | F12: 15 | G12: 74 | H12: 1 | I12: 5 | J12: 0 | K12: 145 | L12: 295 | M12: 251 | N12: 285 | O12: 69 | P12: 232 | Q12: 1 | R12: 2 | S12: 0 | T12: 1 | U12: 1 | V12: 8 | W12: 66 | X12: 8 | AH12: hz | AN12: =N12-AY12 -> -3.3111086 | AO12: =O12-AZ12 -> -0.9075424 | AP12: =P12-BA12 -> -2.3334891 | AY12: =10*(BE12-BD12*((L12/10)-(M12/10))*0.00066*(1+(0.00115*(M12/10)))) -> 288.31111 | AZ12: =((AY12/10)*100)/BC12 -> 69.907542 | BA12: =(243.5*LN((AY12/10)/6.112))/(17.67-LN((AY12/10)/6.112))*10 -> 234.33349 | BC12: =6.112*2.718^((17.67*(L12/10))/((L12/10)+243.5)) -> 41.241774 | BD12: 1013.2 | BE12: =6.112*2.718^((17.67*(M12/10))/((M12/10)+243.5)) -> 31.858374
A13: 4 | B13: 11 | C13: 7 | D13: 4 | E13: 11 | F13: 15 | G13: 75 | H13: 2 | K13: 145 | L13: 294 | M13: 254 | N13: 294 | O13: 71 | P13: 237 | Q13: 2 | R13: 2 | S13: 0 | T13: 8 | U13: 2 | V13: 8 | W13: 66 | X13: 8 | Y13: 6 | Z13: 2 | AA13: 780 | AN13: =N13-AY13 -> -2.7980729 | AO13: =O13-AZ13 -> -1.3821746 | AP13: =P13-BA13 -> -2.1466287 | AY13: =10*(BE13-BD13*((L13/10)-(M13/10))*0.00066*(1+(0.00115*(M13/10)))) -> 296.79807 | AZ13: =((AY13/10)*100)/BC13 -> 72.382175 | BA13: =(243.5*LN((AY13/10)/6.112))/(17.67-LN((AY13/10)/6.112))*10 -> 239.14663 | BC13: =6.112*2.718^((17.67*(L13/10))/((L13/10)+243.5)) -> 41.004305 | BD13: 1013.2 | BE13: =6.112*2.718^((17.67*(M13/10))/((M13/10)+243.5)) -> 32.432788
A14: 5 | B14: 11 | C14: 1 | D14: 4 | E14: 12 | F14: 15 | G14: 75 | H14: 2 | K14: 153 | L14: 290 | M14: 259 | N14: 309 | O14: 77 | P14: 246 | Q14: 1 | R14: 2 | S14: 0 | T14: 1 | U14: 1 | V14: 8 | W14: 69 | X14: 8 | AN14: =N14-AY14 -> -3.7554395 | AO14: =O14-AZ14 -> -1.0594327 | AP14: =P14-BA14 -> -1.8789438 | AY14: =10*(BE14-BD14*((L14/10)-(M14/10))*0.00066*(1+(0.00115*(M14/10)))) -> 312.75544 | AZ14: =((AY14/10)*100)/BC14 -> 78.059433 | BA14: =(243.5*LN((AY14/10)/6.112))/(17.67-LN((AY14/10)/6.112))*10 -> 247.87894 | BC14: =6.112*2.718^((17.67*(L14/10))/((L14/10)+243.5)) -> 40.066322 | BD14: 1013.2 | BE14: =6.112*2.718^((17.67*(M14/10))/((M14/10)+243.5)) -> 33.410296
A15: 6 | B15: 11 | C15: 2 | D15: 4 | E15: 12 | F15: 16 | G15: 77 | H15: 2 | K15: 151 | L15: 300 | M15: 255 | N15: 290 | O15: 68 | P15: 235 | Q15: 2 | R15: 1 | S15: 0 | T15: 0 | U15: 2 | V15: 8 | W15: 66 | X15: 8 | AN15: =N15-AY15 -> -5.2881325 | AO15: =O15-AZ15 -> -1.5659479 | AP15: =P15-BA15 -> -3.2992001 | AY15: =10*(BE15-BD15*((L15/10)-(M15/10))*0.00066*(1+(0.00115*(M15/10)))) -> 295.28813 | AZ15: =((AY15/10)*100)/BC15 -> 69.565948 | BA15: =(243.5*LN((AY15/10)/6.112))/(17.67-LN((AY15/10)/6.112))*10 -> 238.2992 | BC15: =6.112*2.718^((17.67*(L15/10))/((L15/10)+243.5)) -> 42.447223 | BD15: 1013.2 | BE15: =6.112*2.718^((17.67*(M15/10))/((M15/10)+243.5)) -> 32.626262
A16: 7 | B16: 11 | C16: 6 | D16: 4 | E16: 12 | F16: 17 | G16: 70 | H16: 1 | I16: 5 | J16: 22 | K16: 139 | L16: 288 | M16: 248 | N16: 281 | O16: 71 | P16: 230 | Q16: 1 | R16: 2 | S16: 0 | T16: 8 | U16: 1 | V16: 8 | W16: 66 | X16: 8 | Y16: 6 | Z16: 2 | AA16: 840 | AH16: hz | AN16: =N16-AY16 -> -4.4174874 | AO16: =O16-AZ16 -> -1.067118 | AP16: =P16-BA16 -> -2.6640625 | AY16: =10*(BE16-BD16*((L16/10)-(M16/10))*0.00066*(1+(0.00115*(M16/10)))) -> 285.41749 | AZ16: =((AY16/10)*100)/BC16 -> 72.067118 | BA16: =(243.5*LN((AY16/10)/6.112))/(17.67-LN((AY16/10)/6.112))*10 -> 232.66406 | BC16: =6.112*2.718^((17.67*(L16/10))/((L16/10)+243.5)) -> 39.604399 | BD16: 1013.2 | BE16: =6.112*2.718^((17.67*(M16/10))/((M16/10)+243.5)) -> 31.292883
A17: 8 | B17: 11 | C17: 3 | D17: 4 | E17: 11 | F17: 17 | G17: 75 | H17: 2 | K17: 136 | L17: 292 | M17: 251 | N17: 286 | O17: 71 | P17: 233 | Q17: 3 | R17: 2 | S17: 0 | T17: 0 | U17: 3 | V17: 8 | W17: 69 | X17: 8 | AN17: =N17-AY17 -> -4.3751517 | AO17: =O17-AZ17 -> -0.63929422 | AP17: =P17-BA17 -> -2.5153594 | AY17: =10*(BE17-BD17*((L17/10)-(M17/10))*0.00066*(1+(0.00115*(M17/10)))) -> 290.37515 | AZ17: =((AY17/10)*100)/BC17 -> 71.639294 | BA17: =(243.5*LN((AY17/10)/6.112))/(17.67-LN((AY17/10)/6.112))*10 -> 235.51536 | BC17: =6.112*2.718^((17.67*(L17/10))/((L17/10)+243.5)) -> 40.532944 | BD17: 1013.2 | BE17: =6.112*2.718^((17.67*(M17/10))/((M17/10)+243.5)) -> 31.858374
A18: 9 | B18: 11 | C18: 3 | D18: 4 | E18: 12 | F18: 16 | G18: 74 | H18: 1 | I18: 5 | J18: 0 | K18: 142 | L18: 295 | M18: 255 | N18: 294 | O18: 71 | P18: 237 | Q18: 3 | R18: 2 | S18: 0 | T18: 0 | U18: 1 | V18: 8 | W18: 63 | X18: 8 | AN18: =N18-AY18 -> -4.7297424 | AO18: =O18-AZ18 -> -1.4337756 | AP18: =P18-BA18 -> -3.2252583 | AY18: =10*(BE18-BD18*((L18/10)-(M18/10))*0.00066*(1+(0.00115*(M18/10)))) -> 298.72974 | AZ18: =((AY18/10)*100)/BC18 -> 72.433776 | BA18: =(243.5*LN((AY18/10)/6.112))/(17.67-LN((AY18/10)/6.112))*10 -> 240.22526 | BC18: =6.112*2.718^((17.67*(L18/10))/((L18/10)+243.5)) -> 41.241774 | BD18: 1013.2 | BE18: =6.112*2.718^((17.67*(M18/10))/((M18/10)+243.5)) -> 32.626262
A19: 10 | B19: 11 | C19: 7 | D19: 4 | E19: 10 | F19: 14 | G19: 70 | H19: 1 | I19: 5 | J19: 22 | K19: 122 | L19: 293 | M19: 252 | N19: 288 | O19: 71 | P19: 234 | Q19: 2 | R19: 2 | S19: 0 | T19: 8 | U19: 2 | V19: 8 | W19: =24*3 -> 72 | X19: 8 | Y19: 6 | Z19: 2 | AA19: 840 | AH19: hz | AN19: =N19-AY19 -> -4.2767377 | AO19: =O19-AZ19 -> -0.69263291 | AP19: =P19-BA19 -> -2.5977125 | AY19: =10*(BE19-BD19*((L19/10)-(M19/10))*0.00066*(1+(0.00115*(M19/10)))) -> 292.27674 | AZ19: =((AY19/10)*100)/BC19 -> 71.692633 | BA19: =(243.5*LN((AY19/10)/6.112))/(17.67-LN((AY19/10)/6.112))*10 -> 236.59771 | BC19: =6.112*2.718^((17.67*(L19/10))/((L19/10)+243.5)) -> 40.76803 | BD19: 1013.2 | BE19: =6.112*2.718^((17.67*(M19/10))/((M19/10)+243.5)) -> 32.048848
A20: 11 | B20: 11 | C20: 5 | D20: 4 | E20: 13 | F20: 12 | G20: 70 | H20: 1 | I20: 5 | J20: 11 | K20: 112 | L20: 290 | M20: 255 | N20: 299 | O20: 74 | P20: 240 | Q20: 1 | R20: 2 | S20: 0 | T20: 2 | U20: 1 | V20: 8 | W20: 63 | X20: 8 | Y20: 3 | Z20: 0 | AA20: 840 | AH20: hz | AN20: =N20-AY20 -> -3.1713523 | AO20: =O20-AZ20 -> -1.4177909 | AP20: =P20-BA20 -> -2.1319831 | AY20: =10*(BE20-BD20*((L20/10)-(M20/10))*0.00066*(1+(0.00115*(M20/10)))) -> 302.17135 | AZ20: =((AY20/10)*100)/BC20 -> 75.417791 | BA20: =(243.5*LN((AY20/10)/6.112))/(17.67-LN((AY20/10)/6.112))*10 -> 242.13198 | BC20: =6.112*2.718^((17.67*(L20/10))/((L20/10)+243.5)) -> 40.066322 | BD20: 1013.2 | BE20: =6.112*2.718^((17.67*(M20/10))/((M20/10)+243.5)) -> 32.626262
A21: 12 | B21: 11 | C21: 7 | D21: 4 | E21: 33 | F21: 6 | G21: 75 | H21: 2 | K21: 127 | L21: 295 | M21: 250 | N21: 281 | O21: 68 | P21: 230 | Q21: 5 | R21: 8 | S21: 4 | T21: 2 | U21: 2 | V21: 8 | W21: 66 | X21: 8 | Y21: 4 | Z21: 6 | AA21: =45*3 -> 135 | AB21: 5 | AC21: 0 | AD21: 840 | AN21: =N21-AY21 -> -4.7317299 | AO21: =O21-AZ21 -> -1.2821138 | AP21: =P21-BA21 -> -2.8460753 | AY21: =10*(BE21-BD21*((L21/10)-(M21/10))*0.00066*(1+(0.00115*(M21/10)))) -> 285.73173 | AZ21: =((AY21/10)*100)/BC21 -> 69.282114 | BA21: =(243.5*LN((AY21/10)/6.112))/(17.67-LN((AY21/10)/6.112))*10 -> 232.84608 | BC21: =6.112*2.718^((17.67*(L21/10))/((L21/10)+243.5)) -> 41.241774 | BD21: 1013.2 | BE21: =6.112*2.718^((17.67*(M21/10))/((M21/10)+243.5)) -> 31.668892
A22: 13 | B22: 11 | C22: 3 | D22: 4 | E22: 8 | F22: 14 | G22: 78 | H22: 2 | K22: 144 | L22: 314 | M22: 248 | N22: 260 | O22: 57 | P22: 217 | Q22: 2 | R22: 8 | S22: 0 | T22: 2 | U22: 1 | V22: 8 | W22: 63 | X22: 8 | AN22: =N22-AY22 -> -7.5351121 | AO22: =O22-AZ22 -> -1.1755093 | AP22: =P22-BA22 -> -5.0052993 | AY22: =10*(BE22-BD22*((L22/10)-(M22/10))*0.00066*(1+(0.00115*(M22/10)))) -> 267.53511 | AZ22: =((AY22/10)*100)/BC22 -> 58.175509 | BA22: =(243.5*LN((AY22/10)/6.112))/(17.67-LN((AY22/10)/6.112))*10 -> 222.0053 | BC22: =6.112*2.718^((17.67*(L22/10))/((L22/10)+243.5)) -> 45.987584 | BD22: 1013.2 | BE22: =6.112*2.718^((17.67*(M22/10))/((M22/10)+243.5)) -> 31.292883
A23: 14 | B23: 11 | C23: 6 | D23: 4 | E23: 31 | F23: 5 | G23: 75 | H23: 2 | K23: 140 | L23: 298 | M23: 241 | N23: 254 | O23: 60 | P23: 213 | Q23: 1 | R23: 2 | S23: 0 | T23: 8 | U23: 1 | V23: 8 | W23: 6 | X23: 8 | Y23: 5 | Z23: 8 | AA23: 840 | AH23: halo seen | AN23: =N23-AY23 -> -6.9014763 | AO23: =O23-AZ23 -> -2.1765377 | AP23: =P23-BA23 -> -4.8920216 | AY23: =10*(BE23-BD23*((L23/10)-(M23/10))*0.00066*(1+(0.00115*(M23/10)))) -> 260.90148 | AZ23: =((AY23/10)*100)/BC23 -> 62.176538 | BA23: =(243.5*LN((AY23/10)/6.112))/(17.67-LN((AY23/10)/6.112))*10 -> 217.89202 | BC23: =6.112*2.718^((17.67*(L23/10))/((L23/10)+243.5)) -> 41.961403 | BD23: 1013.2 | BE23: =6.112*2.718^((17.67*(M23/10))/((M23/10)+243.5)) -> 30.007446
